Pokedexnr;Name
1;Bulbasaur
1-MAX;Bulbasaur-Max
1-SHADOW;Bulbasaur-Shadow
2;Ivysaur
2-MAX;Ivysaur-Max
2-SHADOW;Ivysaur-Shadow
3;Venusaur
3-MAX;Venusaur-Max
3-MEGA;Venusaur-Mega
3-SHADOW;Venusaur-Shadow
4;Charmander
4-MAX;Charmander-Max
4-SHADOW;Charmander-Shadow
5;Charmeleon
5-MAX;Charmeleon-Max
5-SHADOW;Charmeleon-Shadow
6;Charizard
6-MAX;Charizard-Max
6-MEGA-X;Charizard-Mega-X
6-MEGA-Y;Charizard-Mega-Y
6-SHADOW;Charizard-Shadow
7;Squirtle
7-MAX;Squirtle-Max
7-SHADOW;Squirtle-Shadow
8;Wartortle
8-MAX;Wartortle-Max
8-SHADOW;Wartortle-Shadow
9;Blastoise
9-MAX;Blastoise-Max
9-MEGA;Blastoise-Mega
9-SHADOW;Blastoise-Shadow
10;Caterpie
10-MAX;Caterpie-Max
10-SHADOW;Caterpie-Shadow
11;Metapod
11-MAX;Metapod-Max
11-SHADOW;Metapod-Shadow
12;Butterfree
12-MAX;Butterfree-Max
12-SHADOW;Butterfree-Shadow
13;Weedle
13-MAX;Weedle-Max
13-SHADOW;Weedle-Shadow
14;Kakuna
14-MAX;Kakuna-Max
14-SHADOW;Kakuna-Shadow
15;Beedrill
15-MAX;Beedrill-Max
15-MEGA;Beedrill-Mega
15-SHADOW;Beedrill-Shadow
16;Pidgey
16-MAX;Pidgey-Max
16-SHADOW;Pidgey-Shadow
17;Pidgeotto
17-MAX;Pidgeotto-Max
17-SHADOW;Pidgeotto-Shadow
18;Pidgeot
18-MAX;Pidgeot-Max
18-MEGA;Pidgeot-Mega
18-SHADOW;Pidgeot-Shadow
19;Rattata
19-ALOLA;Rattata-Alola
19-MAX;Rattata-Max
19-SHADOW;Rattata-Shadow
20;Raticate
20-ALOLA;Raticate-Alola
20-MAX;Raticate-Max
20-SHADOW;Raticate-Shadow
21;Spearow
21-MAX;Spearow-Max
21-SHADOW;Spearow-Shadow
22;Fearow
22-MAX;Fearow-Max
22-SHADOW;Fearow-Shadow
23;Ekans
23-MAX;Ekans-Max
23-SHADOW;Ekans-Shadow
24;Arbok
24-MAX;Arbok-Max
24-SHADOW;Arbok-Shadow
25;Pikachu
25-MAX;Pikachu-Max
25-SHADOW;Pikachu-Shadow
26;Raichu
26-ALOLA;Raichu-Alola
26-MAX;Raichu-Max
26-SHADOW;Raichu-Shadow
27;Sandshrew
27-ALOLA;Sandshrew-Alola
27-MAX;Sandshrew-Max
27-SHADOW;Sandshrew-Shadow
28;Sandslash
28-ALOLA;Sandslash-Alola
28-MAX;Sandslash-Max
28-SHADOW;Sandslash-Shadow
29;Nidoran-Female
29-MAX;Nidoran-Female-Max
29-SHADOW;Nidoran-Female-Shadow
30;Nidorina
30-MAX;Nidorina-Max
30-SHADOW;Nidorina-Shadow
31;Nidoqueen
31-MAX;Nidoqueen-Max
31-SHADOW;Nidoqueen-Shadow
32;Nidoran-Male
32-MAX;Nidoran-Male-Max
32-SHADOW;Nidoran-Male-Shadow
33;Nidorino
33-MAX;Nidorino-Max
33-SHADOW;Nidorino-Shadow
34;Nidoking
34-MAX;Nidoking-Max
34-SHADOW;Nidoking-Shadow
35;Clefairy
35-MAX;Clefairy-Max
35-SHADOW;Clefairy-Shadow
36;Clefable
36-MAX;Clefable-Max
36-SHADOW;Clefable-Shadow
37;Vulpix
37-ALOLA;Vulpix-Alola
37-MAX;Vulpix-Max
37-SHADOW;Vulpix-Shadow
38;Ninetales
38-ALOLA;Ninetales-Alola
38-MAX;Ninetales-Max
38-SHADOW;Ninetales-Shadow
39;Jigglypuff
39-MAX;Jigglypuff-Max
39-SHADOW;Jigglypuff-Shadow
40;Wigglytuff
40-MAX;Wigglytuff-Max
40-SHADOW;Wigglytuff-Shadow
41;Zubat
41-MAX;Zubat-Max
41-SHADOW;Zubat-Shadow
42;Golbat
42-MAX;Golbat-Max
42-SHADOW;Golbat-Shadow
43;Oddish
43-MAX;Oddish-Max
43-SHADOW;Oddish-Shadow
44;Gloom
44-MAX;Gloom-Max
44-SHADOW;Gloom-Shadow
45;Vileplume
45-MAX;Vileplume-Max
45-SHADOW;Vileplume-Shadow
46;Paras
46-MAX;Paras-Max
46-SHADOW;Paras-Shadow
47;Parasect
47-MAX;Parasect-Max
47-SHADOW;Parasect-Shadow
48;Venonat
48-MAX;Venonat-Max
48-SHADOW;Venonat-Shadow
49;Venomoth
49-MAX;Venomoth-Max
49-SHADOW;Venomoth-Shadow
50;Diglett
50-ALOLA;Diglett-Alola
50-MAX;Diglett-Max
50-SHADOW;Diglett-Shadow
51;Dugtrio
51-ALOLA;Dugtrio-Alola
51-MAX;Dugtrio-Max
51-SHADOW;Dugtrio-Shadow
52;Meowth
52-ALOLA;Meowth-Alola
52-GALARIAN;Meowth-Galarian
52-MAX;Meowth-Max
52-SHADOW;Meowth-Shadow
53;Persian
53-ALOLA;Persian-Alola
53-MAX;Persian-Max
53-SHADOW;Persian-Shadow
54;Psyduck
54-MAX;Psyduck-Max
54-SHADOW;Psyduck-Shadow
55;Golduck
55-MAX;Golduck-Max
55-SHADOW;Golduck-Shadow
56;Mankey
56-MAX;Mankey-Max
56-SHADOW;Mankey-Shadow
57;Primeape
57-MAX;Primeape-Max
57-SHADOW;Primeape-Shadow
58;Growlithe
58-HISUIAN;Growlithe-Hisuian
58-MAX;Growlithe-Max
58-SHADOW;Growlithe-Shadow
59;Arcanine
59-HISUIAN;Arcanine-Hisuian
59-MAX;Arcanine-Max
59-SHADOW;Arcanine-Shadow
60;Poliwag
60-MAX;Poliwag-Max
60-SHADOW;Poliwag-Shadow
61;Poliwhirl
61-MAX;Poliwhirl-Max
61-SHADOW;Poliwhirl-Shadow
62;Poliwrath
62-MAX;Poliwrath-Max
62-SHADOW;Poliwrath-Shadow
63;Abra
63-MAX;Abra-Max
63-SHADOW;Abra-Shadow
64;Kadabra
64-MAX;Kadabra-Max
64-SHADOW;Kadabra-Shadow
65;Alakazam
65-MAX;Alakazam-Max
65-MEGA;Alakazam-Mega
65-SHADOW;Alakazam-Shadow
66;Machop
66-MAX;Machop-Max
66-SHADOW;Machop-Shadow
67;Machoke
67-MAX;Machoke-Max
67-SHADOW;Machoke-Shadow
68;Machamp
68-MAX;Machamp-Max
68-SHADOW;Machamp-Shadow
69;Bellsprout
69-MAX;Bellsprout-Max
69-SHADOW;Bellsprout-Shadow
70;Weepinbell
70-MAX;Weepinbell-Max
70-SHADOW;Weepinbell-Shadow
71;Victreebel
71-MAX;Victreebel-Max
71-SHADOW;Victreebel-Shadow
72;Tentacool
72-MAX;Tentacool-Max
72-SHADOW;Tentacool-Shadow
73;Tentacruel
73-MAX;Tentacruel-Max
73-SHADOW;Tentacruel-Shadow
74;Geodude
74-ALOLA;Geodude-Alola
74-MAX;Geodude-Max
74-SHADOW;Geodude-Shadow
75;Graveler
75-ALOLA;Graveler-Alola
75-MAX;Graveler-Max
75-SHADOW;Graveler-Shadow
76;Golem
76-ALOLA;Golem-Alola
76-MAX;Golem-Max
76-SHADOW;Golem-Shadow
77;Ponyta
77-GALARIAN;Ponyta-Galarian
77-MAX;Ponyta-Max
77-SHADOW;Ponyta-Shadow
78;Rapidash
78-GALARIAN;Rapidash-Galarian
78-MAX;Rapidash-Max
78-SHADOW;Rapidash-Shadow
79;Slowpoke
79-GALARIAN;Slowpoke-Galarian
79-MAX;Slowpoke-Max
79-SHADOW;Slowpoke-Shadow
80;Slowbro
80-GALARIAN;Slowbro-Galarian
80-MAX;Slowbro-Max
80-MEGA;Slowbro-Mega
80-SHADOW;Slowbro-Shadow
81;Magnemite
81-MAX;Magnemite-Max
81-SHADOW;Magnemite-Shadow
82;Magneton
82-MAX;Magneton-Max
82-SHADOW;Magneton-Shadow
83;Farfetch'd
83-GALARIAN;Farfetch'd-Galarian
83-MAX;Farfetch'd-Max
83-SHADOW;Farfetch'd-Shadow
84;Doduo
84-MAX;Doduo-Max
84-SHADOW;Doduo-Shadow
85;Dodrio
85-MAX;Dodrio-Max
85-SHADOW;Dodrio-Shadow
86;Seel
86-MAX;Seel-Max
86-SHADOW;Seel-Shadow
87;Dewgong
87-MAX;Dewgong-Max
87-SHADOW;Dewgong-Shadow
88;Grimer
88-ALOLA;Grimer-Alola
88-MAX;Grimer-Max
88-SHADOW;Grimer-Shadow
89;Muk
89-ALOLA;Muk-Alola
89-MAX;Muk-Max
89-SHADOW;Muk-Shadow
90;Shellder
90-MAX;Shellder-Max
90-SHADOW;Shellder-Shadow
91;Cloyster
91-MAX;Cloyster-Max
91-SHADOW;Cloyster-Shadow
92;Gastly
92-MAX;Gastly-Max
92-SHADOW;Gastly-Shadow
93;Haunter
93-MAX;Haunter-Max
93-SHADOW;Haunter-Shadow
94;Gengar
94-MAX;Gengar-Max
94-MEGA;Gengar-Mega
94-SHADOW;Gengar-Shadow
95;Onix
95-MAX;Onix-Max
95-SHADOW;Onix-Shadow
96;Drowzee
96-MAX;Drowzee-Max
96-SHADOW;Drowzee-Shadow
97;Hypno
97-MAX;Hypno-Max
97-SHADOW;Hypno-Shadow
98;Krabby
98-MAX;Krabby-Max
98-SHADOW;Krabby-Shadow
99;Kingler
99-MAX;Kingler-Max
99-SHADOW;Kingler-Shadow
100;Voltorb
100-HISUIAN;Voltorb-Hisuian
100-MAX;Voltorb-Max
100-SHADOW;Voltorb-Shadow
101;Electrode
101-HISUIAN;Electrode-Hisuian
101-MAX;Electrode-Max
101-SHADOW;Electrode-Shadow
102;Exeggcute
102-MAX;Exeggcute-Max
102-SHADOW;Exeggcute-Shadow
103;Exeggutor
103-ALOLA;Exeggutor-Alola
103-MAX;Exeggutor-Max
103-SHADOW;Exeggutor-Shadow
104;Cubone
104-MAX;Cubone-Max
104-SHADOW;Cubone-Shadow
105;Marowak
105-ALOLA;Marowak-Alola
105-MAX;Marowak-Max
105-SHADOW;Marowak-Shadow
106;Hitmonlee
106-MAX;Hitmonlee-Max
106-SHADOW;Hitmonlee-Shadow
107;Hitmonchan
107-MAX;Hitmonchan-Max
107-SHADOW;Hitmonchan-Shadow
108;Lickitung
108-MAX;Lickitung-Max
108-SHADOW;Lickitung-Shadow
109;Koffing
109-MAX;Koffing-Max
109-SHADOW;Koffing-Shadow
110;Weezing
110-GALARIAN;Weezing-Galarian
110-MAX;Weezing-Max
110-SHADOW;Weezing-Shadow
111;Rhyhorn
111-MAX;Rhyhorn-Max
111-SHADOW;Rhyhorn-Shadow
112;Rhydon
112-MAX;Rhydon-Max
112-SHADOW;Rhydon-Shadow
113;Chansey
113-MAX;Chansey-Max
113-SHADOW;Chansey-Shadow
114;Tangela
114-MAX;Tangela-Max
114-SHADOW;Tangela-Shadow
115;Kangaskhan
115-MAX;Kangaskhan-Max
115-MEGA;Kangaskhan-Mega
115-SHADOW;Kangaskhan-Shadow
116;Horsea
116-MAX;Horsea-Max
116-SHADOW;Horsea-Shadow
117;Seadra
117-MAX;Seadra-Max
117-SHADOW;Seadra-Shadow
118;Goldeen
118-MAX;Goldeen-Max
118-SHADOW;Goldeen-Shadow
119;Seaking
119-MAX;Seaking-Max
119-SHADOW;Seaking-Shadow
120;Staryu
120-MAX;Staryu-Max
120-SHADOW;Staryu-Shadow
121;Starmie
121-MAX;Starmie-Max
121-SHADOW;Starmie-Shadow
122;Mr-Mime
122-GALARIAN;Mr-Mime-Galarian
122-MAX;Mr-Mime-Max
122-SHADOW;Mr-Mime-Shadow
123;Scyther
123-MAX;Scyther-Max
123-SHADOW;Scyther-Shadow
124;Jynx
124-MAX;Jynx-Max
124-SHADOW;Jynx-Shadow
125;Electabuzz
125-MAX;Electabuzz-Max
125-SHADOW;Electabuzz-Shadow
126;Magmar
126-MAX;Magmar-Max
126-SHADOW;Magmar-Shadow
127;Pinsir
127-MAX;Pinsir-Max
127-MEGA;Pinsir-Mega
127-SHADOW;Pinsir-Shadow
128;Tauros
128-AQUA;Tauros-Aqua
128-BLAZE;Tauros-Blaze
128-COMBAT;Tauros-Combat
128-MAX;Tauros-Max
128-SHADOW;Tauros-Shadow
129;Magikarp
129-MAX;Magikarp-Max
129-SHADOW;Magikarp-Shadow
130;Gyarados
130-MAX;Gyarados-Max
130-MEGA;Gyarados-Mega
130-SHADOW;Gyarados-Shadow
131;Lapras
131-MAX;Lapras-Max
131-SHADOW;Lapras-Shadow
132;Ditto
132-MAX;Ditto-Max
132-SHADOW;Ditto-Shadow
133;Eevee
133-MAX;Eevee-Max
133-SHADOW;Eevee-Shadow
134;Vaporeon
134-MAX;Vaporeon-Max
134-SHADOW;Vaporeon-Shadow
135;Jolteon
135-MAX;Jolteon-Max
135-SHADOW;Jolteon-Shadow
136;Flareon
136-MAX;Flareon-Max
136-SHADOW;Flareon-Shadow
137;Porygon
137-MAX;Porygon-Max
137-SHADOW;Porygon-Shadow
138;Omanyte
138-MAX;Omanyte-Max
138-SHADOW;Omanyte-Shadow
139;Omastar
139-MAX;Omastar-Max
139-SHADOW;Omastar-Shadow
140;Kabuto
140-MAX;Kabuto-Max
140-SHADOW;Kabuto-Shadow
141;Kabutops
141-MAX;Kabutops-Max
141-SHADOW;Kabutops-Shadow
142;Aerodactyl
142-MAX;Aerodactyl-Max
142-MEGA;Aerodactyl-Mega
142-SHADOW;Aerodactyl-Shadow
143;Snorlax
143-MAX;Snorlax-Max
143-SHADOW;Snorlax-Shadow
144;Articuno
144-GALARIAN;Articuno-Galarian
144-MAX;Articuno-Max
144-SHADOW;Articuno-Shadow
145;Zapdos
145-GALARIAN;Zapdos-Galarian
145-MAX;Zapdos-Max
145-SHADOW;Zapdos-Shadow
146;Moltres
146-GALARIAN;Moltres-Galarian
146-MAX;Moltres-Max
146-SHADOW;Moltres-Shadow
147;Dratini
147-MAX;Dratini-Max
147-SHADOW;Dratini-Shadow
148;Dragonair
148-MAX;Dragonair-Max
148-SHADOW;Dragonair-Shadow
149;Dragonite
149-MAX;Dragonite-Max
149-SHADOW;Dragonite-Shadow
150;Mewtwo
150-MAX;Mewtwo-Max
150-MEGA-X;Mewtwo-Mega-X
150-MEGA-Y;Mewtwo-Mega-Y
150-SHADOW;Mewtwo-Shadow
151;Mew
151-MAX;Mew-Max
151-SHADOW;Mew-Shadow
152;Chikorita
152-MAX;Chikorita-Max
152-SHADOW;Chikorita-Shadow
153;Bayleef
153-MAX;Bayleef-Max
153-SHADOW;Bayleef-Shadow
154;Meganium
154-MAX;Meganium-Max
154-SHADOW;Meganium-Shadow
155;Cyndaquil
155-MAX;Cyndaquil-Max
155-SHADOW;Cyndaquil-Shadow
156;Quilava
156-MAX;Quilava-Max
156-SHADOW;Quilava-Shadow
157;Typhlosion
157-HISUIAN;Typhlosion-Hisuian
157-MAX;Typhlosion-Max
157-SHADOW;Typhlosion-Shadow
158;Totodile
158-MAX;Totodile-Max
158-SHADOW;Totodile-Shadow
159;Croconaw
159-MAX;Croconaw-Max
159-SHADOW;Croconaw-Shadow
160;Feraligatr
160-MAX;Feraligatr-Max
160-SHADOW;Feraligatr-Shadow
161;Sentret
161-MAX;Sentret-Max
161-SHADOW;Sentret-Shadow
162;Furret
162-MAX;Furret-Max
162-SHADOW;Furret-Shadow
163;Hoothoot
163-MAX;Hoothoot-Max
163-SHADOW;Hoothoot-Shadow
164;Noctowl
164-MAX;Noctowl-Max
164-SHADOW;Noctowl-Shadow
165;Ledyba
165-MAX;Ledyba-Max
165-SHADOW;Ledyba-Shadow
166;Ledian
166-MAX;Ledian-Max
166-SHADOW;Ledian-Shadow
167;Spinarak
167-MAX;Spinarak-Max
167-SHADOW;Spinarak-Shadow
168;Ariados
168-MAX;Ariados-Max
168-SHADOW;Ariados-Shadow
169;Crobat
169-MAX;Crobat-Max
169-SHADOW;Crobat-Shadow
170;Chinchou
170-MAX;Chinchou-Max
170-SHADOW;Chinchou-Shadow
171;Lanturn
171-MAX;Lanturn-Max
171-SHADOW;Lanturn-Shadow
172;Pichu
172-MAX;Pichu-Max
172-SHADOW;Pichu-Shadow
173;Cleffa
173-MAX;Cleffa-Max
173-SHADOW;Cleffa-Shadow
174;Igglybuff
174-MAX;Igglybuff-Max
174-SHADOW;Igglybuff-Shadow
175;Togepi
175-MAX;Togepi-Max
175-SHADOW;Togepi-Shadow
176;Togetic
176-MAX;Togetic-Max
176-SHADOW;Togetic-Shadow
177;Natu
177-MAX;Natu-Max
177-SHADOW;Natu-Shadow
178;Xatu
178-MAX;Xatu-Max
178-SHADOW;Xatu-Shadow
179;Mareep
179-MAX;Mareep-Max
179-SHADOW;Mareep-Shadow
180;Flaaffy
180-MAX;Flaaffy-Max
180-SHADOW;Flaaffy-Shadow
181;Ampharos
181-MAX;Ampharos-Max
181-MEGA;Ampharos-Mega
181-SHADOW;Ampharos-Shadow
182;Bellossom
182-MAX;Bellossom-Max
182-SHADOW;Bellossom-Shadow
183;Marill
183-MAX;Marill-Max
183-SHADOW;Marill-Shadow
184;Azumarill
184-MAX;Azumarill-Max
184-SHADOW;Azumarill-Shadow
185;Sudowoodo
185-MAX;Sudowoodo-Max
185-SHADOW;Sudowoodo-Shadow
186;Politoed
186-MAX;Politoed-Max
186-SHADOW;Politoed-Shadow
187;Hoppip
187-MAX;Hoppip-Max
187-SHADOW;Hoppip-Shadow
188;Skiploom
188-MAX;Skiploom-Max
188-SHADOW;Skiploom-Shadow
189;Jumpluff
189-MAX;Jumpluff-Max
189-SHADOW;Jumpluff-Shadow
190;Aipom
190-MAX;Aipom-Max
190-SHADOW;Aipom-Shadow
191;Sunkern
191-MAX;Sunkern-Max
191-SHADOW;Sunkern-Shadow
192;Sunflora
192-MAX;Sunflora-Max
192-SHADOW;Sunflora-Shadow
193;Yanma
193-MAX;Yanma-Max
193-SHADOW;Yanma-Shadow
194;Wooper
194-MAX;Wooper-Max
194-SHADOW;Wooper-Shadow
195;Quagsire
195-MAX;Quagsire-Max
195-SHADOW;Quagsire-Shadow
196;Espeon
196-MAX;Espeon-Max
196-SHADOW;Espeon-Shadow
197;Umbreon
197-MAX;Umbreon-Max
197-SHADOW;Umbreon-Shadow
198;Murkrow
198-MAX;Murkrow-Max
198-SHADOW;Murkrow-Shadow
199;Slowking
199-GALARIAN;Slowking-Galarian
199-MAX;Slowking-Max
199-SHADOW;Slowking-Shadow
200;Misdreavus
200-MAX;Misdreavus-Max
200-SHADOW;Misdreavus-Shadow
201;Unown
201-A;Unown-A
201-B;Unown-B
201-C;Unown-C
201-D;Unown-D
201-E;Unown-E
201-EXCLAMATION-MARK;Unown-Exclamation-Mark
201-F;Unown-F
201-G;Unown-G
201-H;Unown-H
201-I;Unown-I
201-J;Unown-J
201-K;Unown-K
201-L;Unown-L
201-M;Unown-M
201-MAX;Unown-Max
201-N;Unown-N
201-O;Unown-O
201-P;Unown-P
201-Q;Unown-Q
201-QUESTION-MARK;Unown-Question-Mark
201-R;Unown-R
201-S;Unown-S
201-SHADOW;Unown-Shadow
201-T;Unown-T
201-U;Unown-U
201-V;Unown-V
201-W;Unown-W
201-X;Unown-X
201-Y;Unown-Y
201-Z;Unown-Z
202;Wobbuffet
202-MAX;Wobbuffet-Max
202-SHADOW;Wobbuffet-Shadow
203;Girafarig
203-MAX;Girafarig-Max
203-SHADOW;Girafarig-Shadow
204;Pineco
204-MAX;Pineco-Max
204-SHADOW;Pineco-Shadow
205;Forretress
205-MAX;Forretress-Max
205-SHADOW;Forretress-Shadow
206;Dunsparce
206-MAX;Dunsparce-Max
206-SHADOW;Dunsparce-Shadow
207;Gligar
207-MAX;Gligar-Max
207-SHADOW;Gligar-Shadow
208;Steelix
208-MAX;Steelix-Max
208-MEGA;Steelix-Mega
208-SHADOW;Steelix-Shadow
209;Snubbull
209-MAX;Snubbull-Max
209-SHADOW;Snubbull-Shadow
210;Granbull
210-MAX;Granbull-Max
210-SHADOW;Granbull-Shadow
211;Qwilfish
211-HISUIAN;Qwilfish-Hisuian
211-MAX;Qwilfish-Max
211-SHADOW;Qwilfish-Shadow
212;Scizor
212-MAX;Scizor-Max
212-MEGA;Scizor-Mega
212-SHADOW;Scizor-Shadow
213;Shuckle
213-MAX;Shuckle-Max
213-SHADOW;Shuckle-Shadow
214;Heracross
214-MAX;Heracross-Max
214-MEGA;Heracross-Mega
214-SHADOW;Heracross-Shadow
215;Sneasel
215-HISUIAN;Sneasel-Hisuian
215-MAX;Sneasel-Max
215-SHADOW;Sneasel-Shadow
216;Teddiursa
216-MAX;Teddiursa-Max
216-SHADOW;Teddiursa-Shadow
217;Ursaring
217-MAX;Ursaring-Max
217-SHADOW;Ursaring-Shadow
218;Slugma
218-MAX;Slugma-Max
218-SHADOW;Slugma-Shadow
219;Magcargo
219-MAX;Magcargo-Max
219-SHADOW;Magcargo-Shadow
220;Swinub
220-MAX;Swinub-Max
220-SHADOW;Swinub-Shadow
221;Piloswine
221-MAX;Piloswine-Max
221-SHADOW;Piloswine-Shadow
222;Corsola
222-GALARIAN;Corsola-Galarian
222-MAX;Corsola-Max
222-SHADOW;Corsola-Shadow
223;Remoraid
223-MAX;Remoraid-Max
223-SHADOW;Remoraid-Shadow
224;Octillery
224-MAX;Octillery-Max
224-SHADOW;Octillery-Shadow
225;Delibird
225-MAX;Delibird-Max
225-SHADOW;Delibird-Shadow
226;Mantine
226-MAX;Mantine-Max
226-SHADOW;Mantine-Shadow
227;Skarmory
227-MAX;Skarmory-Max
227-SHADOW;Skarmory-Shadow
228;Houndour
228-MAX;Houndour-Max
228-SHADOW;Houndour-Shadow
229;Houndoom
229-MAX;Houndoom-Max
229-MEGA;Houndoom-Mega
229-SHADOW;Houndoom-Shadow
230;Kingdra
230-MAX;Kingdra-Max
230-SHADOW;Kingdra-Shadow
231;Phanpy
231-MAX;Phanpy-Max
231-SHADOW;Phanpy-Shadow
232;Donphan
232-MAX;Donphan-Max
232-SHADOW;Donphan-Shadow
233;Porygon2
233-MAX;Porygon2-Max
233-SHADOW;Porygon2-Shadow
234;Stantler
234-MAX;Stantler-Max
234-SHADOW;Stantler-Shadow
235;Smeargle
235-MAX;Smeargle-Max
235-SHADOW;Smeargle-Shadow
236;Tyrogue
236-MAX;Tyrogue-Max
236-SHADOW;Tyrogue-Shadow
237;Hitmontop
237-MAX;Hitmontop-Max
237-SHADOW;Hitmontop-Shadow
238;Smoochum
238-MAX;Smoochum-Max
238-SHADOW;Smoochum-Shadow
239;Elekid
239-MAX;Elekid-Max
239-SHADOW;Elekid-Shadow
240;Magby
240-MAX;Magby-Max
240-SHADOW;Magby-Shadow
241;Miltank
241-MAX;Miltank-Max
241-SHADOW;Miltank-Shadow
242;Blissey
242-MAX;Blissey-Max
242-SHADOW;Blissey-Shadow
243;Raikou
243-MAX;Raikou-Max
243-SHADOW;Raikou-Shadow
244;Entei
244-MAX;Entei-Max
244-SHADOW;Entei-Shadow
245;Suicune
245-MAX;Suicune-Max
245-SHADOW;Suicune-Shadow
246;Larvitar
246-MAX;Larvitar-Max
246-SHADOW;Larvitar-Shadow
247;Pupitar
247-MAX;Pupitar-Max
247-SHADOW;Pupitar-Shadow
248;Tyranitar
248-MAX;Tyranitar-Max
248-MEGA;Tyranitar-Mega
248-SHADOW;Tyranitar-Shadow
249;Lugia
249-MAX;Lugia-Max
249-SHADOW;Lugia-Shadow
250;Ho-oh
250-MAX;Ho-oh-Max
250-SHADOW;Ho-oh-Shadow
251;Celebi
251-MAX;Celebi-Max
251-SHADOW;Celebi-Shadow
252;Treecko
252-MAX;Treecko-Max
252-SHADOW;Treecko-Shadow
253;Grovyle
253-MAX;Grovyle-Max
253-SHADOW;Grovyle-Shadow
254;Sceptile
254-MAX;Sceptile-Max
254-MEGA;Sceptile-Mega
254-SHADOW;Sceptile-Shadow
255;Torchic
255-MAX;Torchic-Max
255-SHADOW;Torchic-Shadow
256;Combusken
256-MAX;Combusken-Max
256-SHADOW;Combusken-Shadow
257;Blaziken
257-MAX;Blaziken-Max
257-MEGA;Blaziken-Mega
257-SHADOW;Blaziken-Shadow
258;Mudkip
258-MAX;Mudkip-Max
258-SHADOW;Mudkip-Shadow
259;Marshtomp
259-MAX;Marshtomp-Max
259-SHADOW;Marshtomp-Shadow
260;Swampert
260-MAX;Swampert-Max
260-MEGA;Swampert-Mega
260-SHADOW;Swampert-Shadow
261;Poochyena
261-MAX;Poochyena-Max
261-SHADOW;Poochyena-Shadow
262;Mightyena
262-MAX;Mightyena-Max
262-SHADOW;Mightyena-Shadow
263;Zigzagoon
263-GALARIAN;Zigzagoon-Galarian
263-MAX;Zigzagoon-Max
263-SHADOW;Zigzagoon-Shadow
264;Linoone
264-GALARIAN;Linoone-Galarian
264-MAX;Linoone-Max
264-SHADOW;Linoone-Shadow
265;Wurmple
265-MAX;Wurmple-Max
265-SHADOW;Wurmple-Shadow
266;Silcoon
266-MAX;Silcoon-Max
266-SHADOW;Silcoon-Shadow
267;Beautifly
267-MAX;Beautifly-Max
267-SHADOW;Beautifly-Shadow
268;Cascoon
268-MAX;Cascoon-Max
268-SHADOW;Cascoon-Shadow
269;Dustox
269-MAX;Dustox-Max
269-SHADOW;Dustox-Shadow
270;Lotad
270-MAX;Lotad-Max
270-SHADOW;Lotad-Shadow
271;Lombre
271-MAX;Lombre-Max
271-SHADOW;Lombre-Shadow
272;Ludicolo
272-MAX;Ludicolo-Max
272-SHADOW;Ludicolo-Shadow
273;Seedot
273-MAX;Seedot-Max
273-SHADOW;Seedot-Shadow
274;Nuzleaf
274-MAX;Nuzleaf-Max
274-SHADOW;Nuzleaf-Shadow
275;Shiftry
275-MAX;Shiftry-Max
275-SHADOW;Shiftry-Shadow
276;Taillow
276-MAX;Taillow-Max
276-SHADOW;Taillow-Shadow
277;Swellow
277-MAX;Swellow-Max
277-SHADOW;Swellow-Shadow
278;Wingull
278-MAX;Wingull-Max
278-SHADOW;Wingull-Shadow
279;Pelipper
279-MAX;Pelipper-Max
279-SHADOW;Pelipper-Shadow
280;Ralts
280-MAX;Ralts-Max
280-SHADOW;Ralts-Shadow
281;Kirlia
281-MAX;Kirlia-Max
281-SHADOW;Kirlia-Shadow
282;Gardevoir
282-MAX;Gardevoir-Max
282-MEGA;Gardevoir-Mega
282-SHADOW;Gardevoir-Shadow
283;Surskit
283-MAX;Surskit-Max
283-SHADOW;Surskit-Shadow
284;Masquerain
284-MAX;Masquerain-Max
284-SHADOW;Masquerain-Shadow
285;Shroomish
285-MAX;Shroomish-Max
285-SHADOW;Shroomish-Shadow
286;Breloom
286-MAX;Breloom-Max
286-SHADOW;Breloom-Shadow
287;Slakoth
287-MAX;Slakoth-Max
287-SHADOW;Slakoth-Shadow
288;Vigoroth
288-MAX;Vigoroth-Max
288-SHADOW;Vigoroth-Shadow
289;Slaking
289-MAX;Slaking-Max
289-SHADOW;Slaking-Shadow
290;Nincada
290-MAX;Nincada-Max
290-SHADOW;Nincada-Shadow
291;Ninjask
291-MAX;Ninjask-Max
291-SHADOW;Ninjask-Shadow
292;Shedinja
292-MAX;Shedinja-Max
292-SHADOW;Shedinja-Shadow
293;Whismur
293-MAX;Whismur-Max
293-SHADOW;Whismur-Shadow
294;Loudred
294-MAX;Loudred-Max
294-SHADOW;Loudred-Shadow
295;Exploud
295-MAX;Exploud-Max
295-SHADOW;Exploud-Shadow
296;Makuhita
296-MAX;Makuhita-Max
296-SHADOW;Makuhita-Shadow
297;Hariyama
297-MAX;Hariyama-Max
297-SHADOW;Hariyama-Shadow
298;Azurill
298-MAX;Azurill-Max
298-SHADOW;Azurill-Shadow
299;Nosepass
299-MAX;Nosepass-Max
299-SHADOW;Nosepass-Shadow
300;Skitty
300-MAX;Skitty-Max
300-SHADOW;Skitty-Shadow
301;Delcatty
301-MAX;Delcatty-Max
301-SHADOW;Delcatty-Shadow
302;Sableye
302-MAX;Sableye-Max
302-MEGA;Sableye-Mega
302-SHADOW;Sableye-Shadow
303;Mawile
303-MAX;Mawile-Max
303-MEGA;Mawile-Mega
303-SHADOW;Mawile-Shadow
304;Aron
304-MAX;Aron-Max
304-SHADOW;Aron-Shadow
305;Lairon
305-MAX;Lairon-Max
305-SHADOW;Lairon-Shadow
306;Aggron
306-MAX;Aggron-Max
306-MEGA;Aggron-Mega
306-SHADOW;Aggron-Shadow
307;Meditite
307-MAX;Meditite-Max
307-SHADOW;Meditite-Shadow
308;Medicham
308-MAX;Medicham-Max
308-MEGA;Medicham-Mega
308-SHADOW;Medicham-Shadow
309;Electrike
309-MAX;Electrike-Max
309-SHADOW;Electrike-Shadow
310;Manectric
310-MAX;Manectric-Max
310-MEGA;Manectric-Mega
310-SHADOW;Manectric-Shadow
311;Plusle
311-MAX;Plusle-Max
311-SHADOW;Plusle-Shadow
312;Minun
312-MAX;Minun-Max
312-SHADOW;Minun-Shadow
313;Volbeat
313-MAX;Volbeat-Max
313-SHADOW;Volbeat-Shadow
314;Illumise
314-MAX;Illumise-Max
314-SHADOW;Illumise-Shadow
315;Roselia
315-MAX;Roselia-Max
315-SHADOW;Roselia-Shadow
316;Gulpin
316-MAX;Gulpin-Max
316-SHADOW;Gulpin-Shadow
317;Swalot
317-MAX;Swalot-Max
317-SHADOW;Swalot-Shadow
318;Carvanha
318-MAX;Carvanha-Max
318-SHADOW;Carvanha-Shadow
319;Sharpedo
319-MAX;Sharpedo-Max
319-MEGA;Sharpedo-Mega
319-SHADOW;Sharpedo-Shadow
320;Wailmer
320-MAX;Wailmer-Max
320-SHADOW;Wailmer-Shadow
321;Wailord
321-MAX;Wailord-Max
321-SHADOW;Wailord-Shadow
322;Numel
322-MAX;Numel-Max
322-SHADOW;Numel-Shadow
323;Camerupt
323-MAX;Camerupt-Max
323-MEGA;Camerupt-Mega
323-SHADOW;Camerupt-Shadow
324;Torkoal
324-MAX;Torkoal-Max
324-SHADOW;Torkoal-Shadow
325;Spoink
325-MAX;Spoink-Max
325-SHADOW;Spoink-Shadow
326;Grumpig
326-MAX;Grumpig-Max
326-SHADOW;Grumpig-Shadow
327;Spinda
327-MAX;Spinda-Max
327-SHADOW;Spinda-Shadow
328;Trapinch
328-MAX;Trapinch-Max
328-SHADOW;Trapinch-Shadow
329;Vibrava
329-MAX;Vibrava-Max
329-SHADOW;Vibrava-Shadow
330;Flygon
330-MAX;Flygon-Max
330-SHADOW;Flygon-Shadow
331;Cacnea
331-MAX;Cacnea-Max
331-SHADOW;Cacnea-Shadow
332;Cacturne
332-MAX;Cacturne-Max
332-SHADOW;Cacturne-Shadow
333;Swablu
333-MAX;Swablu-Max
333-SHADOW;Swablu-Shadow
334;Altaria
334-MAX;Altaria-Max
334-MEGA;Altaria-Mega
334-SHADOW;Altaria-Shadow
335;Zangoose
335-MAX;Zangoose-Max
335-SHADOW;Zangoose-Shadow
336;Seviper
336-MAX;Seviper-Max
336-SHADOW;Seviper-Shadow
337;Lunatone
337-MAX;Lunatone-Max
337-SHADOW;Lunatone-Shadow
338;Solrock
338-MAX;Solrock-Max
338-SHADOW;Solrock-Shadow
339;Barboach
339-MAX;Barboach-Max
339-SHADOW;Barboach-Shadow
340;Whiscash
340-MAX;Whiscash-Max
340-SHADOW;Whiscash-Shadow
341;Corphish
341-MAX;Corphish-Max
341-SHADOW;Corphish-Shadow
342;Crawdaunt
342-MAX;Crawdaunt-Max
342-SHADOW;Crawdaunt-Shadow
343;Baltoy
343-MAX;Baltoy-Max
343-SHADOW;Baltoy-Shadow
344;Claydol
344-MAX;Claydol-Max
344-SHADOW;Claydol-Shadow
345;Lileep
345-MAX;Lileep-Max
345-SHADOW;Lileep-Shadow
346;Cradily
346-MAX;Cradily-Max
346-SHADOW;Cradily-Shadow
347;Anorith
347-MAX;Anorith-Max
347-SHADOW;Anorith-Shadow
348;Armaldo
348-MAX;Armaldo-Max
348-SHADOW;Armaldo-Shadow
349;Feebas
349-MAX;Feebas-Max
349-SHADOW;Feebas-Shadow
350;Milotic
350-MAX;Milotic-Max
350-SHADOW;Milotic-Shadow
351;Castform
351-MAX;Castform-Max
351-SHADOW;Castform-Shadow
352;Kecleon
352-MAX;Kecleon-Max
352-SHADOW;Kecleon-Shadow
353;Shuppet
353-MAX;Shuppet-Max
353-SHADOW;Shuppet-Shadow
354;Banette
354-MAX;Banette-Max
354-MEGA;Banette-Mega
354-SHADOW;Banette-Shadow
355;Duskull
355-MAX;Duskull-Max
355-SHADOW;Duskull-Shadow
356;Dusclops
356-MAX;Dusclops-Max
356-SHADOW;Dusclops-Shadow
357;Tropius
357-MAX;Tropius-Max
357-SHADOW;Tropius-Shadow
359;Absol
359-MAX;Absol-Max
359-MEGA;Absol-Mega
359-SHADOW;Absol-Shadow
360;Wynaut
360-MAX;Wynaut-Max
360-SHADOW;Wynaut-Shadow
361;Snorunt
361-MAX;Snorunt-Max
361-SHADOW;Snorunt-Shadow
362;Glalie
362-MAX;Glalie-Max
362-MEGA;Glalie-Mega
362-SHADOW;Glalie-Shadow
363;Spheal
363-MAX;Spheal-Max
363-SHADOW;Spheal-Shadow
364;Sealeo
364-MAX;Sealeo-Max
364-SHADOW;Sealeo-Shadow
365;Walrein
365-MAX;Walrein-Max
365-SHADOW;Walrein-Shadow
366;Clamperl
366-MAX;Clamperl-Max
366-SHADOW;Clamperl-Shadow
367;Huntail
367-MAX;Huntail-Max
367-SHADOW;Huntail-Shadow
368;Gorebyss
368-MAX;Gorebyss-Max
368-SHADOW;Gorebyss-Shadow
369;Relicanth
369-MAX;Relicanth-Max
369-SHADOW;Relicanth-Shadow
370;Luvdisc
370-MAX;Luvdisc-Max
370-SHADOW;Luvdisc-Shadow
371;Bagon
371-MAX;Bagon-Max
371-SHADOW;Bagon-Shadow
372;Shelgon
372-MAX;Shelgon-Max
372-SHADOW;Shelgon-Shadow
373;Salamence
373-MAX;Salamence-Max
373-MEGA;Salamence-Mega
373-SHADOW;Salamence-Shadow
374;Beldum
374-MAX;Beldum-Max
374-SHADOW;Beldum-Shadow
375;Metang
375-MAX;Metang-Max
375-SHADOW;Metang-Shadow
376;Metagross
376-MAX;Metagross-Max
376-MEGA;Metagross-Mega
376-SHADOW;Metagross-Shadow
377;Regirock
377-MAX;Regirock-Max
377-SHADOW;Regirock-Shadow
378;Regice
378-MAX;Regice-Max
378-SHADOW;Regice-Shadow
379;Registeel
379-MAX;Registeel-Max
379-SHADOW;Registeel-Shadow
380;Latias
380-MAX;Latias-Max
380-MEGA;Latias-Mega
380-SHADOW;Latias-Shadow
381;Latios
381-MAX;Latios-Max
381-MEGA;Latios-Mega
381-SHADOW;Latios-Shadow
382;Kyogre
382-MAX;Kyogre-Max
382-MEGA;Kyogre-Primal
382-SHADOW;Kyogre-Shadow
383;Groudon
383-MAX;Groudon-Max
383-MEGA;Groudon-Primal
383-SHADOW;Groudon-Shadow
384;Rayquaza
384-MAX;Rayquaza-Max
384-MEGA;Rayquaza-Mega
384-SHADOW;Rayquaza-Shadow
385;Jirachi
385-MAX;Jirachi-Max
385-SHADOW;Jirachi-Shadow
386-ATTACK;Deoxys-Attack
386-DEFENSE;Deoxys-Defense
386-NORMAL;Deoxys
386-SPEED;Deoxys-Speed
387;Turtwig
387-MAX;Turtwig-Max
387-SHADOW;Turtwig-Shadow
388;Grotle
388-MAX;Grotle-Max
388-SHADOW;Grotle-Shadow
389;Torterra
389-MAX;Torterra-Max
389-SHADOW;Torterra-Shadow
390;Chimchar
390-MAX;Chimchar-Max
390-SHADOW;Chimchar-Shadow
391;Monferno
391-MAX;Monferno-Max
391-SHADOW;Monferno-Shadow
392;Infernape
392-MAX;Infernape-Max
392-SHADOW;Infernape-Shadow
393;Piplup
393-MAX;Piplup-Max
393-SHADOW;Piplup-Shadow
394;Prinplup
394-MAX;Prinplup-Max
394-SHADOW;Prinplup-Shadow
395;Empoleon
395-MAX;Empoleon-Max
395-SHADOW;Empoleon-Shadow
396;Starly
396-MAX;Starly-Max
396-SHADOW;Starly-Shadow
397;Staravia
397-MAX;Staravia-Max
397-SHADOW;Staravia-Shadow
398;Staraptor
398-MAX;Staraptor-Max
398-SHADOW;Staraptor-Shadow
399;Bidoof
399-MAX;Bidoof-Max
399-SHADOW;Bidoof-Shadow
400;Bibarel
400-MAX;Bibarel-Max
400-SHADOW;Bibarel-Shadow
401;Kricketot
401-MAX;Kricketot-Max
401-SHADOW;Kricketot-Shadow
402;Kricketune
402-MAX;Kricketune-Max
402-SHADOW;Kricketune-Shadow
403;Shinx
403-MAX;Shinx-Max
403-SHADOW;Shinx-Shadow
404;Luxio
404-MAX;Luxio-Max
404-SHADOW;Luxio-Shadow
405;Luxray
405-MAX;Luxray-Max
405-SHADOW;Luxray-Shadow
406;Budew
406-MAX;Budew-Max
406-SHADOW;Budew-Shadow
407;Roserade
407-MAX;Roserade-Max
407-SHADOW;Roserade-Shadow
408;Cranidos
408-MAX;Cranidos-Max
408-SHADOW;Cranidos-Shadow
409;Rampardos
409-MAX;Rampardos-Max
409-SHADOW;Rampardos-Shadow
410;Shieldon
410-MAX;Shieldon-Max
410-SHADOW;Shieldon-Shadow
411;Bastiodon
411-MAX;Bastiodon-Max
411-SHADOW;Bastiodon-Shadow
412;Burmy
412-MAX;Burmy-Max
412-SHADOW;Burmy-Shadow
413;Wormadam
413-MAX;Wormadam-Max
413-PLANT;Wormadam-Plant
413-SANDY;Wormadam-Sandy
413-SHADOW;Wormadam-Shadow
413-TRASH;Wormadam-Trash
414;Mothim
414-MAX;Mothim-Max
414-SHADOW;Mothim-Shadow
415;Combee
415-MAX;Combee-Max
415-SHADOW;Combee-Shadow
416;Vespiquen
416-MAX;Vespiquen-Max
416-SHADOW;Vespiquen-Shadow
417;Pachirisu
417-MAX;Pachirisu-Max
417-SHADOW;Pachirisu-Shadow
418;Buizel
418-MAX;Buizel-Max
418-SHADOW;Buizel-Shadow
419;Floatzel
419-MAX;Floatzel-Max
419-SHADOW;Floatzel-Shadow
420;Cherubi
420-MAX;Cherubi-Max
420-SHADOW;Cherubi-Shadow
421;Cherrim
421-MAX;Cherrim-Max
421-SHADOW;Cherrim-Shadow
422;Shellos
422-MAX;Shellos-Max
422-SHADOW;Shellos-Shadow
423;Gastrodon
423-MAX;Gastrodon-Max
423-SHADOW;Gastrodon-Shadow
424;Ambipom
424-MAX;Ambipom-Max
424-SHADOW;Ambipom-Shadow
425;Drifloon
425-MAX;Drifloon-Max
425-SHADOW;Drifloon-Shadow
426;Drifblim
426-MAX;Drifblim-Max
426-SHADOW;Drifblim-Shadow
427;Buneary
427-MAX;Buneary-Max
427-SHADOW;Buneary-Shadow
428;Lopunny
428-MAX;Lopunny-Max
428-MEGA;Lopunny-Mega
428-SHADOW;Lopunny-Shadow
429;Mismagius
429-MAX;Mismagius-Max
429-SHADOW;Mismagius-Shadow
430;Honchkrow
430-MAX;Honchkrow-Max
430-SHADOW;Honchkrow-Shadow
431;Glameow
431-MAX;Glameow-Max
431-SHADOW;Glameow-Shadow
432;Purugly
432-MAX;Purugly-Max
432-SHADOW;Purugly-Shadow
433;Chingling
433-MAX;Chingling-Max
433-SHADOW;Chingling-Shadow
434;Stunky
434-MAX;Stunky-Max
434-SHADOW;Stunky-Shadow
435;Skuntank
435-MAX;Skuntank-Max
435-SHADOW;Skuntank-Shadow
436;Bronzor
436-MAX;Bronzor-Max
436-SHADOW;Bronzor-Shadow
437;Bronzong
437-MAX;Bronzong-Max
437-SHADOW;Bronzong-Shadow
438;Bonsly
438-MAX;Bonsly-Max
438-SHADOW;Bonsly-Shadow
439;Mime-Jr
439-MAX;Mime-Jr-Max
439-SHADOW;Mime-Jr-Shadow
440;Happiny
440-MAX;Happiny-Max
440-SHADOW;Happiny-Shadow
441;Chatot
441-MAX;Chatot-Max
441-SHADOW;Chatot-Shadow
442;Spiritomb
442-MAX;Spiritomb-Max
442-SHADOW;Spiritomb-Shadow
443;Gible
443-MAX;Gible-Max
443-SHADOW;Gible-Shadow
444;Gabite
444-MAX;Gabite-Max
444-SHADOW;Gabite-Shadow
445;Garchomp
445-MAX;Garchomp-Max
445-MEGA;Garchomp-Mega
445-SHADOW;Garchomp-Shadow
446;Munchlax
446-MAX;Munchlax-Max
446-SHADOW;Munchlax-Shadow
447;Riolu
447-MAX;Riolu-Max
447-SHADOW;Riolu-Shadow
448;Lucario
448-MAX;Lucario-Max
448-MEGA;Lucario-Mega
448-SHADOW;Lucario-Shadow
449;Hippopotas
449-MAX;Hippopotas-Max
449-SHADOW;Hippopotas-Shadow
450;Hippowdon
450-MAX;Hippowdon-Max
450-SHADOW;Hippowdon-Shadow
451;Skorupi
451-MAX;Skorupi-Max
451-SHADOW;Skorupi-Shadow
452;Drapion
452-MAX;Drapion-Max
452-SHADOW;Drapion-Shadow
453;Croagunk
453-MAX;Croagunk-Max
453-SHADOW;Croagunk-Shadow
454;Toxicroak
454-MAX;Toxicroak-Max
454-SHADOW;Toxicroak-Shadow
455;Carnivine
455-MAX;Carnivine-Max
455-SHADOW;Carnivine-Shadow
456;Finneon
456-MAX;Finneon-Max
456-SHADOW;Finneon-Shadow
457;Lumineon
457-MAX;Lumineon-Max
457-SHADOW;Lumineon-Shadow
458;Mantyke
458-MAX;Mantyke-Max
458-SHADOW;Mantyke-Shadow
459;Snover
459-MAX;Snover-Max
459-SHADOW;Snover-Shadow
460;Abomasnow
460-MAX;Abomasnow-Max
460-MEGA;Abomasnow-Mega
460-SHADOW;Abomasnow-Shadow
461;Weavile
461-MAX;Weavile-Max
461-SHADOW;Weavile-Shadow
462;Magnezone
462-MAX;Magnezone-Max
462-SHADOW;Magnezone-Shadow
463;Lickilicky
463-MAX;Lickilicky-Max
463-SHADOW;Lickilicky-Shadow
464;Rhyperior
464-MAX;Rhyperior-Max
464-SHADOW;Rhyperior-Shadow
465;Tangrowth
465-MAX;Tangrowth-Max
465-SHADOW;Tangrowth-Shadow
466;Electivire
466-MAX;Electivire-Max
466-SHADOW;Electivire-Shadow
467;Magmortar
467-MAX;Magmortar-Max
467-SHADOW;Magmortar-Shadow
468;Togekiss
468-MAX;Togekiss-Max
468-SHADOW;Togekiss-Shadow
469;Yanmega
469-MAX;Yanmega-Max
469-SHADOW;Yanmega-Shadow
470;Leafeon
470-MAX;Leafeon-Max
470-SHADOW;Leafeon-Shadow
471;Glaceon
471-MAX;Glaceon-Max
471-SHADOW;Glaceon-Shadow
472;Gliscor
472-MAX;Gliscor-Max
472-SHADOW;Gliscor-Shadow
473;Mamoswine
473-MAX;Mamoswine-Max
473-SHADOW;Mamoswine-Shadow
474;Porygon-Z
474-MAX;Porygon-Z-Max
474-SHADOW;Porygon-Z-Shadow
475;Gallade
475-MAX;Gallade-Max
475-MEGA;Gallade-Mega
475-SHADOW;Gallade-Shadow
476;Probopass
476-MAX;Probopass-Max
476-SHADOW;Probopass-Shadow
477;Dusknoir
477-MAX;Dusknoir-Max
477-SHADOW;Dusknoir-Shadow
478;Froslass
478-MAX;Froslass-Max
478-SHADOW;Froslass-Shadow
479;Rotom
479-FAN;Rotom-Fan
479-FROST;Rotom-Frost
479-HEAT;Rotom-Heat
479-MAX;Rotom-Max
479-MOW;Rotom-Mow
479-SHADOW;Rotom-Shadow
479-WASH;Rotom-Wash
480;Uxie
480-MAX;Uxie-Max
480-SHADOW;Uxie-Shadow
481;Mesprit
481-MAX;Mesprit-Max
481-SHADOW;Mesprit-Shadow
482;Azelf
482-MAX;Azelf-Max
482-SHADOW;Azelf-Shadow
483;Dialga
483-MAX;Dialga-Max
483-ORIGIN;Dialga-Origin
483-SHADOW;Dialga-Shadow
484;Palkia
484-MAX;Palkia-Max
484-ORIGIN;Palkia-Origin
484-SHADOW;Palkia-Shadow
485;Heatran
485-MAX;Heatran-Max
485-SHADOW;Heatran-Shadow
486;Regigigas
486-MAX;Regigigas-Max
486-SHADOW;Regigigas-Shadow
487-ALTERED;Giratina-Altered
487-ORIGIN;Giratina-Origin
488;Cresselia
488-MAX;Cresselia-Max
488-SHADOW;Cresselia-Shadow
489;Phione
489-MAX;Phione-Max
489-SHADOW;Phione-Shadow
490;Manaphy
490-MAX;Manaphy-Max
490-SHADOW;Manaphy-Shadow
491;Darkrai
491-MAX;Darkrai-Max
491-SHADOW;Darkrai-Shadow
492-LAND;Shaymin
492-SKY;Shaymin-Sky
493;Arceus
493-MAX;Arceus-Max
493-SHADOW;Arceus-Shadow
494;Victini
494-MAX;Victini-Max
494-SHADOW;Victini-Shadow
495;Snivy
495-MAX;Snivy-Max
495-SHADOW;Snivy-Shadow
496;Servine
496-MAX;Servine-Max
496-SHADOW;Servine-Shadow
497;Serperior
497-MAX;Serperior-Max
497-SHADOW;Serperior-Shadow
498;Tepig
498-MAX;Tepig-Max
498-SHADOW;Tepig-Shadow
499;Pignite
499-MAX;Pignite-Max
499-SHADOW;Pignite-Shadow
500;Emboar
500-MAX;Emboar-Max
500-SHADOW;Emboar-Shadow
501;Oshawott
501-MAX;Oshawott-Max
501-SHADOW;Oshawott-Shadow
502;Dewott
502-MAX;Dewott-Max
502-SHADOW;Dewott-Shadow
503;Samurott
503-HISUIAN;Samurott-Hisuian
503-MAX;Samurott-Max
503-SHADOW;Samurott-Shadow
504;Patrat
504-MAX;Patrat-Max
504-SHADOW;Patrat-Shadow
505;Watchog
505-MAX;Watchog-Max
505-SHADOW;Watchog-Shadow
506;Lillipup
506-MAX;Lillipup-Max
506-SHADOW;Lillipup-Shadow
507;Herdier
507-MAX;Herdier-Max
507-SHADOW;Herdier-Shadow
508;Stoutland
508-MAX;Stoutland-Max
508-SHADOW;Stoutland-Shadow
509;Purrloin
509-MAX;Purrloin-Max
509-SHADOW;Purrloin-Shadow
510;Liepard
510-MAX;Liepard-Max
510-SHADOW;Liepard-Shadow
511;Pansage
511-MAX;Pansage-Max
511-SHADOW;Pansage-Shadow
512;Simisage
512-MAX;Simisage-Max
512-SHADOW;Simisage-Shadow
513;Pansear
513-MAX;Pansear-Max
513-SHADOW;Pansear-Shadow
514;Simisear
514-MAX;Simisear-Max
514-SHADOW;Simisear-Shadow
515;Panpour
515-MAX;Panpour-Max
515-SHADOW;Panpour-Shadow
516;Simipour
516-MAX;Simipour-Max
516-SHADOW;Simipour-Shadow
517;Munna
517-MAX;Munna-Max
517-SHADOW;Munna-Shadow
518;Musharna
518-MAX;Musharna-Max
518-SHADOW;Musharna-Shadow
519;Pidove
519-MAX;Pidove-Max
519-SHADOW;Pidove-Shadow
520;Tranquill
520-MAX;Tranquill-Max
520-SHADOW;Tranquill-Shadow
521;Unfezant
521-MAX;Unfezant-Max
521-SHADOW;Unfezant-Shadow
522;Blitzle
522-MAX;Blitzle-Max
522-SHADOW;Blitzle-Shadow
523;Zebstrika
523-MAX;Zebstrika-Max
523-SHADOW;Zebstrika-Shadow
524;Roggenrola
524-MAX;Roggenrola-Max
524-SHADOW;Roggenrola-Shadow
525;Boldore
525-MAX;Boldore-Max
525-SHADOW;Boldore-Shadow
526;Gigalith
526-MAX;Gigalith-Max
526-SHADOW;Gigalith-Shadow
527;Woobat
527-MAX;Woobat-Max
527-SHADOW;Woobat-Shadow
528;Swoobat
528-MAX;Swoobat-Max
528-SHADOW;Swoobat-Shadow
529;Drilbur
529-MAX;Drilbur-Max
529-SHADOW;Drilbur-Shadow
530;Excadrill
530-MAX;Excadrill-Max
530-SHADOW;Excadrill-Shadow
531;Audino
531-MAX;Audino-Max
531-MEGA;Audino-Mega
531-SHADOW;Audino-Shadow
532;Timburr
532-MAX;Timburr-Max
532-SHADOW;Timburr-Shadow
533;Gurdurr
533-MAX;Gurdurr-Max
533-SHADOW;Gurdurr-Shadow
534;Conkeldurr
534-MAX;Conkeldurr-Max
534-SHADOW;Conkeldurr-Shadow
535;Tympole
535-MAX;Tympole-Max
535-SHADOW;Tympole-Shadow
536;Palpitoad
536-MAX;Palpitoad-Max
536-SHADOW;Palpitoad-Shadow
537;Seismitoad
537-MAX;Seismitoad-Max
537-SHADOW;Seismitoad-Shadow
538;Throh
538-MAX;Throh-Max
538-SHADOW;Throh-Shadow
539;Sawk
539-MAX;Sawk-Max
539-SHADOW;Sawk-Shadow
540;Sewaddle
540-MAX;Sewaddle-Max
540-SHADOW;Sewaddle-Shadow
541;Swadloon
541-MAX;Swadloon-Max
541-SHADOW;Swadloon-Shadow
542;Leavanny
542-MAX;Leavanny-Max
542-SHADOW;Leavanny-Shadow
543;Venipede
543-MAX;Venipede-Max
543-SHADOW;Venipede-Shadow
544;Whirlipede
544-MAX;Whirlipede-Max
544-SHADOW;Whirlipede-Shadow
545;Scolipede
545-MAX;Scolipede-Max
545-SHADOW;Scolipede-Shadow
546;Cottonee
546-MAX;Cottonee-Max
546-SHADOW;Cottonee-Shadow
547;Whimsicott
547-MAX;Whimsicott-Max
547-SHADOW;Whimsicott-Shadow
548;Petilil
548-MAX;Petilil-Max
548-SHADOW;Petilil-Shadow
549;Lilligant
549-HISUIAN;Lilligant-Hisuian
549-MAX;Lilligant-Max
549-SHADOW;Lilligant-Shadow
550-BLUE-STRIPED;Basculin-Blue
550-RED-STRIPED;Basculin-Red
551;Sandile
551-MAX;Sandile-Max
551-SHADOW;Sandile-Shadow
552;Krokorok
552-MAX;Krokorok-Max
552-SHADOW;Krokorok-Shadow
553;Krookodile
553-MAX;Krookodile-Max
553-SHADOW;Krookodile-Shadow
554;Darumaka
554-GALARIAN;Darumaka-Galarian
554-MAX;Darumaka-Max
554-SHADOW;Darumaka-Shadow
555;Darmanitan
555-GALARIAN;Darmanitan-Galarian
555-MAX;Darmanitan-Max
555-SHADOW;Darmanitan-Shadow
555-ZEN;Darmanitan-Zen
556;Maractus
556-MAX;Maractus-Max
556-SHADOW;Maractus-Shadow
557;Dwebble
557-MAX;Dwebble-Max
557-SHADOW;Dwebble-Shadow
558;Crustle
558-MAX;Crustle-Max
558-SHADOW;Crustle-Shadow
559;Scraggy
559-MAX;Scraggy-Max
559-SHADOW;Scraggy-Shadow
560;Scrafty
560-MAX;Scrafty-Max
560-SHADOW;Scrafty-Shadow
561;Sigilyph
561-MAX;Sigilyph-Max
561-SHADOW;Sigilyph-Shadow
562;Yamask
562-GALARIAN;Yamask-Galarian
562-MAX;Yamask-Max
562-SHADOW;Yamask-Shadow
563;Cofagrigus
563-MAX;Cofagrigus-Max
563-SHADOW;Cofagrigus-Shadow
564;Tirtouga
564-MAX;Tirtouga-Max
564-SHADOW;Tirtouga-Shadow
565;Carracosta
565-MAX;Carracosta-Max
565-SHADOW;Carracosta-Shadow
566;Archen
566-MAX;Archen-Max
566-SHADOW;Archen-Shadow
567;Archeops
567-MAX;Archeops-Max
567-SHADOW;Archeops-Shadow
568;Trubbish
568-MAX;Trubbish-Max
568-SHADOW;Trubbish-Shadow
569;Garbodor
569-MAX;Garbodor-Max
569-SHADOW;Garbodor-Shadow
570;Zorua
570-HISUIAN;Zorua-Hisuian
570-MAX;Zorua-Max
570-SHADOW;Zorua-Shadow
571;Zoroark
571-HISUIAN;Zoroark-Hisuian
571-MAX;Zoroark-Max
571-SHADOW;Zoroark-Shadow
572;Minccino
572-MAX;Minccino-Max
572-SHADOW;Minccino-Shadow
573;Cinccino
573-MAX;Cinccino-Max
573-SHADOW;Cinccino-Shadow
574;Gothita
574-MAX;Gothita-Max
574-SHADOW;Gothita-Shadow
575;Gothorita
575-MAX;Gothorita-Max
575-SHADOW;Gothorita-Shadow
576;Gothitelle
576-MAX;Gothitelle-Max
576-SHADOW;Gothitelle-Shadow
577;Solosis
577-MAX;Solosis-Max
577-SHADOW;Solosis-Shadow
578;Duosion
578-MAX;Duosion-Max
578-SHADOW;Duosion-Shadow
579;Reuniclus
579-MAX;Reuniclus-Max
579-SHADOW;Reuniclus-Shadow
580;Ducklett
580-MAX;Ducklett-Max
580-SHADOW;Ducklett-Shadow
581;Swanna
581-MAX;Swanna-Max
581-SHADOW;Swanna-Shadow
582;Vanillite
582-MAX;Vanillite-Max
582-SHADOW;Vanillite-Shadow
583;Vanillish
583-MAX;Vanillish-Max
583-SHADOW;Vanillish-Shadow
584;Vanilluxe
584-MAX;Vanilluxe-Max
584-SHADOW;Vanilluxe-Shadow
585;Deerling
585-MAX;Deerling-Max
585-SHADOW;Deerling-Shadow
586;Sawsbuck
586-MAX;Sawsbuck-Max
586-SHADOW;Sawsbuck-Shadow
587;Emolga
587-MAX;Emolga-Max
587-SHADOW;Emolga-Shadow
588;Karrablast
588-MAX;Karrablast-Max
588-SHADOW;Karrablast-Shadow
589;Escavalier
589-MAX;Escavalier-Max
589-SHADOW;Escavalier-Shadow
590;Foongus
590-MAX;Foongus-Max
590-SHADOW;Foongus-Shadow
591;Amoonguss
591-MAX;Amoonguss-Max
591-SHADOW;Amoonguss-Shadow
592;Frillish
592-MAX;Frillish-Max
592-SHADOW;Frillish-Shadow
593;Jellicent
593-MAX;Jellicent-Max
593-SHADOW;Jellicent-Shadow
594;Alomomola
594-MAX;Alomomola-Max
594-SHADOW;Alomomola-Shadow
595;Joltik
595-MAX;Joltik-Max
595-SHADOW;Joltik-Shadow
596;Galvantula
596-MAX;Galvantula-Max
596-SHADOW;Galvantula-Shadow
597;Ferroseed
597-MAX;Ferroseed-Max
597-SHADOW;Ferroseed-Shadow
598;Ferrothorn
598-MAX;Ferrothorn-Max
598-SHADOW;Ferrothorn-Shadow
599;Klink
599-MAX;Klink-Max
599-SHADOW;Klink-Shadow
600;Klang
600-MAX;Klang-Max
600-SHADOW;Klang-Shadow
601;Klinklang
601-MAX;Klinklang-Max
601-SHADOW;Klinklang-Shadow
602;Tynamo
602-MAX;Tynamo-Max
602-SHADOW;Tynamo-Shadow
603;Eelektrik
603-MAX;Eelektrik-Max
603-SHADOW;Eelektrik-Shadow
604;Eelektross
604-MAX;Eelektross-Max
604-SHADOW;Eelektross-Shadow
605;Elgyem
605-MAX;Elgyem-Max
605-SHADOW;Elgyem-Shadow
606;Beheeyem
606-MAX;Beheeyem-Max
606-SHADOW;Beheeyem-Shadow
607;Litwick
607-MAX;Litwick-Max
607-SHADOW;Litwick-Shadow
608;Lampent
608-MAX;Lampent-Max
608-SHADOW;Lampent-Shadow
609;Chandelure
609-MAX;Chandelure-Max
609-SHADOW;Chandelure-Shadow
610;Axew
610-MAX;Axew-Max
610-SHADOW;Axew-Shadow
611;Fraxure
611-MAX;Fraxure-Max
611-SHADOW;Fraxure-Shadow
612;Haxorus
612-MAX;Haxorus-Max
612-SHADOW;Haxorus-Shadow
613;Cubchoo
613-MAX;Cubchoo-Max
613-SHADOW;Cubchoo-Shadow
614;Beartic
614-MAX;Beartic-Max
614-SHADOW;Beartic-Shadow
615;Cryogonal
615-MAX;Cryogonal-Max
615-SHADOW;Cryogonal-Shadow
616;Shelmet
616-MAX;Shelmet-Max
616-SHADOW;Shelmet-Shadow
617;Accelgor
617-MAX;Accelgor-Max
617-SHADOW;Accelgor-Shadow
618;Stunfisk
618-GALARIAN;Stunfisk-Galarian
618-MAX;Stunfisk-Max
618-SHADOW;Stunfisk-Shadow
619;Mienfoo
619-MAX;Mienfoo-Max
619-SHADOW;Mienfoo-Shadow
620;Mienshao
620-MAX;Mienshao-Max
620-SHADOW;Mienshao-Shadow
621;Druddigon
621-MAX;Druddigon-Max
621-SHADOW;Druddigon-Shadow
622;Golett
622-MAX;Golett-Max
622-SHADOW;Golett-Shadow
623;Golurk
623-MAX;Golurk-Max
623-SHADOW;Golurk-Shadow
624;Pawniard
624-MAX;Pawniard-Max
624-SHADOW;Pawniard-Shadow
625;Bisharp
625-MAX;Bisharp-Max
625-SHADOW;Bisharp-Shadow
626;Bouffalant
626-MAX;Bouffalant-Max
626-SHADOW;Bouffalant-Shadow
627;Rufflet
627-MAX;Rufflet-Max
627-SHADOW;Rufflet-Shadow
628;Braviary
628-HISUIAN;Braviary-Hisuian
628-MAX;Braviary-Max
628-SHADOW;Braviary-Shadow
629;Vullaby
629-MAX;Vullaby-Max
629-SHADOW;Vullaby-Shadow
630;Mandibuzz
630-MAX;Mandibuzz-Max
630-SHADOW;Mandibuzz-Shadow
631;Heatmor
631-MAX;Heatmor-Max
631-SHADOW;Heatmor-Shadow
632;Durant
632-MAX;Durant-Max
632-SHADOW;Durant-Shadow
633;Deino
633-MAX;Deino-Max
633-SHADOW;Deino-Shadow
634;Zweilous
634-MAX;Zweilous-Max
634-SHADOW;Zweilous-Shadow
635;Hydreigon
635-MAX;Hydreigon-Max
635-SHADOW;Hydreigon-Shadow
636;Larvesta
636-MAX;Larvesta-Max
636-SHADOW;Larvesta-Shadow
637;Volcarona
637-MAX;Volcarona-Max
637-SHADOW;Volcarona-Shadow
638;Cobalion
638-MAX;Cobalion-Max
638-SHADOW;Cobalion-Shadow
639;Terrakion
639-MAX;Terrakion-Max
639-SHADOW;Terrakion-Shadow
640;Virizion
640-MAX;Virizion-Max
640-SHADOW;Virizion-Shadow
641;Tornadus-Incarnate
641-MAX;Tornadus-Incarnate-Max
641-SHADOW;Tornadus-Incarnate-Shadow
641-THERIAN;Tornadus-Therian
642;Thundurus-Incarnate
642-MAX;Thundurus-Incarnate-Max
642-SHADOW;Thundurus-Incarnate-Shadow
642-THERIAN;Thundurus-Therian
643;Reshiram
643-MAX;Reshiram-Max
643-SHADOW;Reshiram-Shadow
644;Zekrom
644-MAX;Zekrom-Max
644-SHADOW;Zekrom-Shadow
645;Landorus-Incarnate
645-MAX;Landorus-Incarnate-Max
645-SHADOW;Landorus-Incarnate-Shadow
645-THERIAN;Landorus-Therian
646;Kyurem
646-BLACK;Kyurem-Black
646-MAX;Kyurem-Max
646-SHADOW;Kyurem-Shadow
646-WHITE;Kyurem-White
647;Keldeo
647-MAX;Keldeo-Max
647-RESOLUTE;Keldeo-Resolute
647-SHADOW;Keldeo-Shadow
648;Meloetta
648-ARIA;Meloetta-Aria
648-MAX;Meloetta-Max
648-PIROUETTE;Meloetta-Pirouette
648-SHADOW;Meloetta-Shadow
649;Genesect
649-BURN;Genesect-Burn
649-CHILL;Genesect-Chill
649-DOUSE;Genesect-Douse
649-MAX;Genesect-Max
649-SHADOW;Genesect-Shadow
649-SHOCK;Genesect-Shock
650;Chespin
650-MAX;Chespin-Max
650-SHADOW;Chespin-Shadow
651;Quilladin
651-MAX;Quilladin-Max
651-SHADOW;Quilladin-Shadow
652;Chesnaught
652-MAX;Chesnaught-Max
652-SHADOW;Chesnaught-Shadow
653;Fennekin
653-MAX;Fennekin-Max
653-SHADOW;Fennekin-Shadow
654;Braixen
654-MAX;Braixen-Max
654-SHADOW;Braixen-Shadow
655;Delphox
655-MAX;Delphox-Max
655-SHADOW;Delphox-Shadow
656;Froakie
656-MAX;Froakie-Max
656-SHADOW;Froakie-Shadow
657;Frogadier
657-MAX;Frogadier-Max
657-SHADOW;Frogadier-Shadow
658;Greninja
658-ASH;Greninja-Ash
658-MAX;Greninja-Max
658-SHADOW;Greninja-Shadow
659;Bunnelby
659-MAX;Bunnelby-Max
659-SHADOW;Bunnelby-Shadow
660;Diggersby
660-MAX;Diggersby-Max
660-SHADOW;Diggersby-Shadow
661;Fletchling
661-MAX;Fletchling-Max
661-SHADOW;Fletchling-Shadow
662;Fletchinder
662-MAX;Fletchinder-Max
662-SHADOW;Fletchinder-Shadow
663;Talonflame
663-MAX;Talonflame-Max
663-SHADOW;Talonflame-Shadow
664;Scatterbug
664-MAX;Scatterbug-Max
664-SHADOW;Scatterbug-Shadow
665;Spewpa
665-MAX;Spewpa-Max
665-SHADOW;Spewpa-Shadow
666;Vivillon
666-MAX;Vivillon-Max
666-SHADOW;Vivillon-Shadow
667;Litleo
667-MAX;Litleo-Max
667-SHADOW;Litleo-Shadow
668;Pyroar
668-MAX;Pyroar-Max
668-SHADOW;Pyroar-Shadow
669;Flabebe
669-MAX;Flabebe-Max
669-SHADOW;Flabebe-Shadow
670;Floette
670-MAX;Floette-Max
670-SHADOW;Floette-Shadow
671;Florges
671-MAX;Florges-Max
671-SHADOW;Florges-Shadow
672;Skiddo
672-MAX;Skiddo-Max
672-SHADOW;Skiddo-Shadow
673;Gogoat
673-MAX;Gogoat-Max
673-SHADOW;Gogoat-Shadow
674;Pancham
674-MAX;Pancham-Max
674-SHADOW;Pancham-Shadow
675;Pangoro
675-MAX;Pangoro-Max
675-SHADOW;Pangoro-Shadow
676;Furfrou
676-MAX;Furfrou-Max
676-SHADOW;Furfrou-Shadow
677;Espurr
677-MAX;Espurr-Max
677-SHADOW;Espurr-Shadow
678-FEMALE;Meowstic-Female
678-MALE;Meowstic-Male
679;Honedge
679-MAX;Honedge-Max
679-SHADOW;Honedge-Shadow
680;Doublade
680-MAX;Doublade-Max
680-SHADOW;Doublade-Shadow
681;Aegislash
681-BLADE;Aegislash-Blade
681-MAX;Aegislash-Max
681-SHADOW;Aegislash-Shadow
681-SHIELD;Aegislash-Shield
682;Spritzee
682-MAX;Spritzee-Max
682-SHADOW;Spritzee-Shadow
683;Aromatisse
683-MAX;Aromatisse-Max
683-SHADOW;Aromatisse-Shadow
684;Swirlix
684-MAX;Swirlix-Max
684-SHADOW;Swirlix-Shadow
685;Slurpuff
685-MAX;Slurpuff-Max
685-SHADOW;Slurpuff-Shadow
686;Inkay
686-MAX;Inkay-Max
686-SHADOW;Inkay-Shadow
687;Malamar
687-MAX;Malamar-Max
687-SHADOW;Malamar-Shadow
688;Binacle
688-MAX;Binacle-Max
688-SHADOW;Binacle-Shadow
689;Barbaracle
689-MAX;Barbaracle-Max
689-SHADOW;Barbaracle-Shadow
690;Skrelp
690-MAX;Skrelp-Max
690-SHADOW;Skrelp-Shadow
691;Dragalge
691-MAX;Dragalge-Max
691-SHADOW;Dragalge-Shadow
692;Clauncher
692-MAX;Clauncher-Max
692-SHADOW;Clauncher-Shadow
693;Clawitzer
693-MAX;Clawitzer-Max
693-SHADOW;Clawitzer-Shadow
694;Helioptile
694-MAX;Helioptile-Max
694-SHADOW;Helioptile-Shadow
695;Heliolisk
695-MAX;Heliolisk-Max
695-SHADOW;Heliolisk-Shadow
696;Tyrunt
696-MAX;Tyrunt-Max
696-SHADOW;Tyrunt-Shadow
697;Tyrantrum
697-MAX;Tyrantrum-Max
697-SHADOW;Tyrantrum-Shadow
698;Amaura
698-MAX;Amaura-Max
698-SHADOW;Amaura-Shadow
699;Aurorus
699-MAX;Aurorus-Max
699-SHADOW;Aurorus-Shadow
700;Sylveon
700-MAX;Sylveon-Max
700-SHADOW;Sylveon-Shadow
701;Hawlucha
701-MAX;Hawlucha-Max
701-SHADOW;Hawlucha-Shadow
702;Dedenne
702-MAX;Dedenne-Max
702-SHADOW;Dedenne-Shadow
703;Carbink
703-MAX;Carbink-Max
703-SHADOW;Carbink-Shadow
704;Goomy
704-MAX;Goomy-Max
704-SHADOW;Goomy-Shadow
705;Sliggoo
705-HISUIAN;Sliggoo-Hisuian
705-MAX;Sliggoo-Max
705-SHADOW;Sliggoo-Shadow
706;Goodra
706-HISUIAN;Goodra-Hisuian
706-MAX;Goodra-Max
706-SHADOW;Goodra-Shadow
707;Klefki
707-MAX;Klefki-Max
707-SHADOW;Klefki-Shadow
708;Phantump
708-MAX;Phantump-Max
708-SHADOW;Phantump-Shadow
709;Trevenant
709-MAX;Trevenant-Max
709-SHADOW;Trevenant-Shadow
710;Pumpkaboo
710-MAX;Pumpkaboo-Max
710-SHADOW;Pumpkaboo-Shadow
711;Gourgeist
711-MAX;Gourgeist-Max
711-SHADOW;Gourgeist-Shadow
712;Bergmite
712-MAX;Bergmite-Max
712-SHADOW;Bergmite-Shadow
713;Avalugg
713-HISUIAN;Avalugg-Hisuian
713-MAX;Avalugg-Max
713-SHADOW;Avalugg-Shadow
714;Noibat
714-MAX;Noibat-Max
714-SHADOW;Noibat-Shadow
715;Noivern
715-MAX;Noivern-Max
715-SHADOW;Noivern-Shadow
716;Xerneas
716-MAX;Xerneas-Max
716-SHADOW;Xerneas-Shadow
717;Yveltal
717-MAX;Yveltal-Max
717-SHADOW;Yveltal-Shadow
718;Zygarde
718-10;Zygarde-10
718-50;Zygarde-50
718-COMPLETE;Zygarde-Complete
718-MAX;Zygarde-Max
718-SHADOW;Zygarde-Shadow
719;Diancie
719-MAX;Diancie-Max
719-MEGA;Diancie-Mega
719-SHADOW;Diancie-Shadow
720-CONFINED;Hoopa-Confined
720-UNBOUND;Hoopa-Unbound
721;Volcanion
721-MAX;Volcanion-Max
721-SHADOW;Volcanion-Shadow
722;Rowlet
722-MAX;Rowlet-Max
722-SHADOW;Rowlet-Shadow
723;Dartrix
723-MAX;Dartrix-Max
723-SHADOW;Dartrix-Shadow
724;Decidueye
724-HISUIAN;Decidueye-Hisuian
724-MAX;Decidueye-Max
724-SHADOW;Decidueye-Shadow
725;Litten
725-MAX;Litten-Max
725-SHADOW;Litten-Shadow
726;Torracat
726-MAX;Torracat-Max
726-SHADOW;Torracat-Shadow
727;Incineroar
727-MAX;Incineroar-Max
727-SHADOW;Incineroar-Shadow
728;Popplio
728-MAX;Popplio-Max
728-SHADOW;Popplio-Shadow
729;Brionne
729-MAX;Brionne-Max
729-SHADOW;Brionne-Shadow
730;Primarina
730-MAX;Primarina-Max
730-SHADOW;Primarina-Shadow
731;Pikipek
731-MAX;Pikipek-Max
731-SHADOW;Pikipek-Shadow
732;Trumbeak
732-MAX;Trumbeak-Max
732-SHADOW;Trumbeak-Shadow
733;Toucannon
733-MAX;Toucannon-Max
733-SHADOW;Toucannon-Shadow
734;Yungoos
734-MAX;Yungoos-Max
734-SHADOW;Yungoos-Shadow
735;Gumshoos
735-MAX;Gumshoos-Max
735-SHADOW;Gumshoos-Shadow
736;Grubbin
736-MAX;Grubbin-Max
736-SHADOW;Grubbin-Shadow
737;Charjabug
737-MAX;Charjabug-Max
737-SHADOW;Charjabug-Shadow
738;Vikavolt
738-MAX;Vikavolt-Max
738-SHADOW;Vikavolt-Shadow
739;Crabrawler
739-MAX;Crabrawler-Max
739-SHADOW;Crabrawler-Shadow
740;Crabominable
740-MAX;Crabominable-Max
740-SHADOW;Crabominable-Shadow
741;Oricorio
741-BAILE;Oricorio-Baile
741-MAX;Oricorio-Max
741-PAU;Oricorio-Pau
741-POMPOM;Oricorio-PomPom
741-SENSU;Oricorio-Sensu
741-SHADOW;Oricorio-Shadow
742;Cutiefly
742-MAX;Cutiefly-Max
742-SHADOW;Cutiefly-Shadow
743;Ribombee
743-MAX;Ribombee-Max
743-SHADOW;Ribombee-Shadow
744;Rockruff
744-MAX;Rockruff-Max
744-SHADOW;Rockruff-Shadow
745;Lycanroc
745-DUSK;Lycanroc-Dusk
745-MAX;Lycanroc-Max
745-MIDNIGHT;Lycanroc-Midnight
745-SHADOW;Lycanroc-Shadow
746;Wishiwashi
746-MAX;Wishiwashi-Max
746-SCHOOL;Wishiwashi-School
746-SHADOW;Wishiwashi-Shadow
747;Mareanie
747-MAX;Mareanie-Max
747-SHADOW;Mareanie-Shadow
748;Toxapex
748-MAX;Toxapex-Max
748-SHADOW;Toxapex-Shadow
749;Mudbray
749-MAX;Mudbray-Max
749-SHADOW;Mudbray-Shadow
750;Mudsdale
750-MAX;Mudsdale-Max
750-SHADOW;Mudsdale-Shadow
751;Dewpider
751-MAX;Dewpider-Max
751-SHADOW;Dewpider-Shadow
752;Araquanid
752-MAX;Araquanid-Max
752-SHADOW;Araquanid-Shadow
753;Fomantis
753-MAX;Fomantis-Max
753-SHADOW;Fomantis-Shadow
754;Lurantis
754-MAX;Lurantis-Max
754-SHADOW;Lurantis-Shadow
755;Morelull
755-MAX;Morelull-Max
755-SHADOW;Morelull-Shadow
756;Shiinotic
756-MAX;Shiinotic-Max
756-SHADOW;Shiinotic-Shadow
757;Salandit
757-MAX;Salandit-Max
757-SHADOW;Salandit-Shadow
758;Salazzle
758-MAX;Salazzle-Max
758-SHADOW;Salazzle-Shadow
759;Stufful
759-MAX;Stufful-Max
759-SHADOW;Stufful-Shadow
760;Bewear
760-MAX;Bewear-Max
760-SHADOW;Bewear-Shadow
761;Bounsweet
761-MAX;Bounsweet-Max
761-SHADOW;Bounsweet-Shadow
762;Steenee
762-MAX;Steenee-Max
762-SHADOW;Steenee-Shadow
763;Tsareena
763-MAX;Tsareena-Max
763-SHADOW;Tsareena-Shadow
764;Comfey
764-MAX;Comfey-Max
764-SHADOW;Comfey-Shadow
765;Oranguru
765-MAX;Oranguru-Max
765-SHADOW;Oranguru-Shadow
766;Passimian
766-MAX;Passimian-Max
766-SHADOW;Passimian-Shadow
767;Wimpod
767-MAX;Wimpod-Max
767-SHADOW;Wimpod-Shadow
768;Golisopod
768-MAX;Golisopod-Max
768-SHADOW;Golisopod-Shadow
769;Sandygast
769-MAX;Sandygast-Max
769-SHADOW;Sandygast-Shadow
770;Palossand
770-MAX;Palossand-Max
770-SHADOW;Palossand-Shadow
771;Pyukumuku
771-MAX;Pyukumuku-Max
771-SHADOW;Pyukumuku-Shadow
772;Type-Null
772-MAX;Type-Null-Max
772-SHADOW;Type-Null-Shadow
773;Silvally
773-MAX;Silvally-Max
773-SHADOW;Silvally-Shadow
774;Minior
774-MAX;Minior-Max
774-METEOR;Minior-Meteor
774-RED-CORE;Minior-Core
774-SHADOW;Minior-Shadow
775;Komala
775-MAX;Komala-Max
775-SHADOW;Komala-Shadow
776;Turtonator
776-MAX;Turtonator-Max
776-SHADOW;Turtonator-Shadow
777;Togedemaru
777-MAX;Togedemaru-Max
777-SHADOW;Togedemaru-Shadow
778;Mimikyu
778-MAX;Mimikyu-Max
778-SHADOW;Mimikyu-Shadow
779;Bruxish
779-MAX;Bruxish-Max
779-SHADOW;Bruxish-Shadow
780;Drampa
780-MAX;Drampa-Max
780-SHADOW;Drampa-Shadow
781;Dhelmise
781-MAX;Dhelmise-Max
781-SHADOW;Dhelmise-Shadow
782;Jangmo-o
782-MAX;Jangmo-o-Max
782-SHADOW;Jangmo-o-Shadow
783;Hakamo-o
783-MAX;Hakamo-o-Max
783-SHADOW;Hakamo-o-Shadow
784;Kommo-o
784-MAX;Kommo-o-Max
784-SHADOW;Kommo-o-Shadow
785;Tapu-Koko
785-MAX;Tapu-Koko-Max
785-SHADOW;Tapu-Koko-Shadow
786;Tapu-Lele
786-MAX;Tapu-Lele-Max
786-SHADOW;Tapu-Lele-Shadow
787;Tapu-Bulu
787-MAX;Tapu-Bulu-Max
787-SHADOW;Tapu-Bulu-Shadow
788;Tapu-Fini
788-MAX;Tapu-Fini-Max
788-SHADOW;Tapu-Fini-Shadow
789;Cosmog
789-MAX;Cosmog-Max
789-SHADOW;Cosmog-Shadow
790;Cosmoem
790-MAX;Cosmoem-Max
790-SHADOW;Cosmoem-Shadow
791;Solgaleo
791-MAX;Solgaleo-Max
791-SHADOW;Solgaleo-Shadow
792;Lunala
792-MAX;Lunala-Max
792-SHADOW;Lunala-Shadow
793;Nihilego
793-MAX;Nihilego-Max
793-SHADOW;Nihilego-Shadow
794;Buzzwole
794-MAX;Buzzwole-Max
794-SHADOW;Buzzwole-Shadow
795;Pheromosa
795-MAX;Pheromosa-Max
795-SHADOW;Pheromosa-Shadow
796;Xurkitree
796-MAX;Xurkitree-Max
796-SHADOW;Xurkitree-Shadow
797;Celesteela
797-MAX;Celesteela-Max
797-SHADOW;Celesteela-Shadow
798;Kartana
798-MAX;Kartana-Max
798-SHADOW;Kartana-Shadow
799;Guzzlord
799-MAX;Guzzlord-Max
799-SHADOW;Guzzlord-Shadow
800;Necrozma
800-DAWN-WINGS;Necrozma-Dawn
800-DUSK-MANE;Necrozma-Mane
800-MAX;Necrozma-Max
800-SHADOW;Necrozma-Shadow
800-ULTRA;Necrozma-Ultra
801;Magearna
801-MAX;Magearna-Max
801-SHADOW;Magearna-Shadow
802;Marshadow
802-MAX;Marshadow-Max
802-SHADOW;Marshadow-Shadow
803;Poipole
803-MAX;Poipole-Max
803-SHADOW;Poipole-Shadow
804;Naganadel
804-MAX;Naganadel-Max
804-SHADOW;Naganadel-Shadow
805;Stakataka
805-MAX;Stakataka-Max
805-SHADOW;Stakataka-Shadow
806;Blacephalon
806-MAX;Blacephalon-Max
806-SHADOW;Blacephalon-Shadow
807;Zeraora
807-MAX;Zeraora-Max
807-SHADOW;Zeraora-Shadow
808;Meltan
808-MAX;Meltan-Max
808-SHADOW;Meltan-Shadow
809;Melmetal
809-MAX;Melmetal-Max
809-SHADOW;Melmetal-Shadow
810;Grookey
810-MAX;Grookey-Max
810-SHADOW;Grookey-Shadow
811;Thwackey
811-MAX;Thwackey-Max
811-SHADOW;Thwackey-Shadow
812;Rillaboom
812-MAX;Rillaboom-Max
812-SHADOW;Rillaboom-Shadow
813;Scorbunny
813-MAX;Scorbunny-Max
813-SHADOW;Scorbunny-Shadow
814;Raboot
814-MAX;Raboot-Max
814-SHADOW;Raboot-Shadow
815;Cinderace
815-MAX;Cinderace-Max
815-SHADOW;Cinderace-Shadow
816;Sobble
816-MAX;Sobble-Max
816-SHADOW;Sobble-Shadow
817;Drizzile
817-MAX;Drizzile-Max
817-SHADOW;Drizzile-Shadow
818;Inteleon
818-MAX;Inteleon-Max
818-SHADOW;Inteleon-Shadow
819;Skwovet
819-MAX;Skwovet-Max
819-SHADOW;Skwovet-Shadow
820;Greedent
820-MAX;Greedent-Max
820-SHADOW;Greedent-Shadow
821;Rookidee
821-MAX;Rookidee-Max
821-SHADOW;Rookidee-Shadow
822;Corvisquire
822-MAX;Corvisquire-Max
822-SHADOW;Corvisquire-Shadow
823;Corviknight
823-MAX;Corviknight-Max
823-SHADOW;Corviknight-Shadow
824;Blipbug
824-MAX;Blipbug-Max
824-SHADOW;Blipbug-Shadow
825;Dottler
825-MAX;Dottler-Max
825-SHADOW;Dottler-Shadow
826;Orbeetle
826-MAX;Orbeetle-Max
826-SHADOW;Orbeetle-Shadow
827;Nickit
827-MAX;Nickit-Max
827-SHADOW;Nickit-Shadow
828;Thievul
828-MAX;Thievul-Max
828-SHADOW;Thievul-Shadow
829;Gossifleur
829-MAX;Gossifleur-Max
829-SHADOW;Gossifleur-Shadow
830;Eldegoss
830-MAX;Eldegoss-Max
830-SHADOW;Eldegoss-Shadow
831;Wooloo
831-MAX;Wooloo-Max
831-SHADOW;Wooloo-Shadow
832;Dubwool
832-MAX;Dubwool-Max
832-SHADOW;Dubwool-Shadow
833;Chewtle
833-MAX;Chewtle-Max
833-SHADOW;Chewtle-Shadow
834;Drednaw
834-MAX;Drednaw-Max
834-SHADOW;Drednaw-Shadow
835;Yamper
835-MAX;Yamper-Max
835-SHADOW;Yamper-Shadow
836;Boltund
836-MAX;Boltund-Max
836-SHADOW;Boltund-Shadow
837;Rolycoly
837-MAX;Rolycoly-Max
837-SHADOW;Rolycoly-Shadow
838;Carkol
838-MAX;Carkol-Max
838-SHADOW;Carkol-Shadow
839;Coalossal
839-MAX;Coalossal-Max
839-SHADOW;Coalossal-Shadow
840;Applin
840-MAX;Applin-Max
840-SHADOW;Applin-Shadow
841;Flapple
841-MAX;Flapple-Max
841-SHADOW;Flapple-Shadow
842;Appletun
842-MAX;Appletun-Max
842-SHADOW;Appletun-Shadow
843;Silicobra
843-MAX;Silicobra-Max
843-SHADOW;Silicobra-Shadow
844;Sandaconda
844-MAX;Sandaconda-Max
844-SHADOW;Sandaconda-Shadow
845;Cramorant
845-MAX;Cramorant-Max
845-SHADOW;Cramorant-Shadow
846;Arrokuda
846-MAX;Arrokuda-Max
846-SHADOW;Arrokuda-Shadow
847;Barraskewda
847-MAX;Barraskewda-Max
847-SHADOW;Barraskewda-Shadow
848;Toxel
848-MAX;Toxel-Max
848-SHADOW;Toxel-Shadow
849-AMPED;Toxtricity-Amped
849-AMPED-MAX;Toxtricity-Amped-Max
849-AMPED-GMAX;Toxtricity-Amped-GMAX
849-LOW-KEY;Toxtricity-Low-Key
849-LOW-KEY-MAX;Toxtricity-Low-Key-Max
849-LOW-KEY-GMAX;Toxtricity-Low-Key-GMAX
850;Sizzlipede
850-MAX;Sizzlipede-Max
850-SHADOW;Sizzlipede-Shadow
851;Centiskorch
851-MAX;Centiskorch-Max
851-SHADOW;Centiskorch-Shadow
852;Clobbopus
852-MAX;Clobbopus-Max
852-SHADOW;Clobbopus-Shadow
853;Grapploct
853-MAX;Grapploct-Max
853-SHADOW;Grapploct-Shadow
854;Sinistea
854-MAX;Sinistea-Max
854-SHADOW;Sinistea-Shadow
855;Polteageist
855-MAX;Polteageist-Max
855-SHADOW;Polteageist-Shadow
856;Hatenna
856-MAX;Hatenna-Max
856-SHADOW;Hatenna-Shadow
857;Hattrem
857-MAX;Hattrem-Max
857-SHADOW;Hattrem-Shadow
858;Hatterene
858-MAX;Hatterene-Max
858-SHADOW;Hatterene-Shadow
859;Impidimp
859-MAX;Impidimp-Max
859-SHADOW;Impidimp-Shadow
860;Morgrem
860-MAX;Morgrem-Max
860-SHADOW;Morgrem-Shadow
861;Grimmsnarl
861-MAX;Grimmsnarl-Max
861-SHADOW;Grimmsnarl-Shadow
862;Obstagoon
862-MAX;Obstagoon-Max
862-SHADOW;Obstagoon-Shadow
863;Perrserker
863-MAX;Perrserker-Max
863-SHADOW;Perrserker-Shadow
864;Cursola
864-MAX;Cursola-Max
864-SHADOW;Cursola-Shadow
865;Sirfetch'd
865-MAX;Sirfetch'd-Max
865-SHADOW;Sirfetch'd-Shadow
866;Mr-Rime
866-MAX;Mr-Rime-Max
866-SHADOW;Mr-Rime-Shadow
867;Runerigus
867-MAX;Runerigus-Max
867-SHADOW;Runerigus-Shadow
868;Milcery
868-MAX;Milcery-Max
868-SHADOW;Milcery-Shadow
869;Alcremie
869-MAX;Alcremie-Max
869-SHADOW;Alcremie-Shadow
870;Falinks
870-MAX;Falinks-Max
870-SHADOW;Falinks-Shadow
871;Pincurchin
871-MAX;Pincurchin-Max
871-SHADOW;Pincurchin-Shadow
872;Snom
872-MAX;Snom-Max
872-SHADOW;Snom-Shadow
873;Frosmoth
873-MAX;Frosmoth-Max
873-SHADOW;Frosmoth-Shadow
874;Stonjourner
874-MAX;Stonjourner-Max
874-SHADOW;Stonjourner-Shadow
875;Eiscue
875-MAX;Eiscue-Max
875-SHADOW;Eiscue-Shadow
875-WEIRD;Eiscue-Weird
876;Indeedee
876-MAX;Indeedee-Max
876-SHADOW;Indeedee-Shadow
877-FULL-BELLY;Morpeko-Full-Belly
877-HANGRY;Morpeko-Hangry
878;Cufant
878-MAX;Cufant-Max
878-SHADOW;Cufant-Shadow
879;Copperajah
879-MAX;Copperajah-Max
879-SHADOW;Copperajah-Shadow
880;Dracozolt
880-MAX;Dracozolt-Max
880-SHADOW;Dracozolt-Shadow
881;Arctozolt
881-MAX;Arctozolt-Max
881-SHADOW;Arctozolt-Shadow
882;Dracovish
882-MAX;Dracovish-Max
882-SHADOW;Dracovish-Shadow
883;Arctovish
883-MAX;Arctovish-Max
883-SHADOW;Arctovish-Shadow
884;Duraludon
884-MAX;Duraludon-Max
884-SHADOW;Duraludon-Shadow
885;Dreepy
885-MAX;Dreepy-Max
885-SHADOW;Dreepy-Shadow
886;Drakloak
886-MAX;Drakloak-Max
886-SHADOW;Drakloak-Shadow
887;Dragapult
887-MAX;Dragapult-Max
887-SHADOW;Dragapult-Shadow
888-CROWNED-SWORD;Zacian-Crowned
888-HERO;Zacian-Hero
889-CROWNED-SHIELD;Zamazenta-Crowned
889-HERO;Zamazenta-Hero
890;Eternatus
890-MAX;Eternatus-Max
890-SHADOW;Eternatus-Shadow
891;Kubfu
891-MAX;Kubfu-Max
891-SHADOW;Kubfu-Shadow
892;Urshifu
892-MAX;Urshifu-Max
892-RAPID-STRIKE;Urshifu-Rapid-Strike
892-SHADOW;Urshifu-Shadow
893;Zarude
893-MAX;Zarude-Max
893-SHADOW;Zarude-Shadow
894;Regieleki
894-MAX;Regieleki-Max
894-SHADOW;Regieleki-Shadow
895;Regidrago
895-MAX;Regidrago-Max
895-SHADOW;Regidrago-Shadow
896;Glastrier
896-MAX;Glastrier-Max
896-SHADOW;Glastrier-Shadow
897;Spectrier
897-MAX;Spectrier-Max
897-SHADOW;Spectrier-Shadow
898;Calyrex
898-ICE-RIDER;Calyrex-Ice-Rider
898-MAX;Calyrex-Max
898-SHADOW;Calyrex-Shadow
898-SHADOW-RIDER;Calyrex-Shadow-Rider
899;Wyrdeer
899-MAX;Wyrdeer-Max
899-SHADOW;Wyrdeer-Shadow
900;Kleavor
900-MAX;Kleavor-Max
900-SHADOW;Kleavor-Shadow
901;Ursaluna
901-MAX;Ursaluna-Max
901-SHADOW;Ursaluna-Shadow
902;Basculegion
902-MAX;Basculegion-Max
902-SHADOW;Basculegion-Shadow
903;Sneasler
903-MAX;Sneasler-Max
903-SHADOW;Sneasler-Shadow
904;Overqwil
904-MAX;Overqwil-Max
904-SHADOW;Overqwil-Shadow
905-INCARNATE;Enamorus-Incarnate
905-THERIAN;Enamorus-Therian
906;Sprigatito
906-MAX;Sprigatito-Max
906-SHADOW;Sprigatito-Shadow
907;Floragato
907-MAX;Floragato-Max
907-SHADOW;Floragato-Shadow
908;Meowscarada
908-MAX;Meowscarada-Max
908-SHADOW;Meowscarada-Shadow
909;Fuecoco
909-MAX;Fuecoco-Max
909-SHADOW;Fuecoco-Shadow
910;Crocalor
910-MAX;Crocalor-Max
910-SHADOW;Crocalor-Shadow
911;Skeledirge
911-MAX;Skeledirge-Max
911-SHADOW;Skeledirge-Shadow
912;Quaxly
912-MAX;Quaxly-Max
912-SHADOW;Quaxly-Shadow
913;Quaxwell
913-MAX;Quaxwell-Max
913-SHADOW;Quaxwell-Shadow
914;Quaquaval
914-MAX;Quaquaval-Max
914-SHADOW;Quaquaval-Shadow
915;Lechonk
915-MAX;Lechonk-Max
915-SHADOW;Lechonk-Shadow
916;Oinkologne
916-MAX;Oinkologne-Max
916-SHADOW;Oinkologne-Shadow
917;Tarountula
917-MAX;Tarountula-Max
917-SHADOW;Tarountula-Shadow
918;Spidops
918-MAX;Spidops-Max
918-SHADOW;Spidops-Shadow
919;Nymble
919-MAX;Nymble-Max
919-SHADOW;Nymble-Shadow
920;Lokix
920-MAX;Lokix-Max
920-SHADOW;Lokix-Shadow
921;Pawmi
921-MAX;Pawmi-Max
921-SHADOW;Pawmi-Shadow
922;Pawmo
922-MAX;Pawmo-Max
922-SHADOW;Pawmo-Shadow
923;Pawmot
923-MAX;Pawmot-Max
923-SHADOW;Pawmot-Shadow
924;Tandemaus
924-MAX;Tandemaus-Max
924-SHADOW;Tandemaus-Shadow
925;Maushold
925-MAX;Maushold-Max
925-SHADOW;Maushold-Shadow
926;Fidough
926-MAX;Fidough-Max
926-SHADOW;Fidough-Shadow
927;Dachsbun
927-MAX;Dachsbun-Max
927-SHADOW;Dachsbun-Shadow
928;Smoliv
928-MAX;Smoliv-Max
928-SHADOW;Smoliv-Shadow
929;Dolliv
929-MAX;Dolliv-Max
929-SHADOW;Dolliv-Shadow
930;Arboliva
930-MAX;Arboliva-Max
930-SHADOW;Arboliva-Shadow
931;Squawkabilly
931-MAX;Squawkabilly-Max
931-SHADOW;Squawkabilly-Shadow
932;Nacli
932-MAX;Nacli-Max
932-SHADOW;Nacli-Shadow
933;Naclstack
933-MAX;Naclstack-Max
933-SHADOW;Naclstack-Shadow
934;Garganacl
934-MAX;Garganacl-Max
934-SHADOW;Garganacl-Shadow
935;Charcadet
935-MAX;Charcadet-Max
935-SHADOW;Charcadet-Shadow
936;Armarouge
936-MAX;Armarouge-Max
936-SHADOW;Armarouge-Shadow
937;Ceruledge
937-MAX;Ceruledge-Max
937-SHADOW;Ceruledge-Shadow
938;Tadbulb
938-MAX;Tadbulb-Max
938-SHADOW;Tadbulb-Shadow
939;Bellibolt
939-MAX;Bellibolt-Max
939-SHADOW;Bellibolt-Shadow
940;Wattrel
940-MAX;Wattrel-Max
940-SHADOW;Wattrel-Shadow
941;Kilowattrel
941-MAX;Kilowattrel-Max
941-SHADOW;Kilowattrel-Shadow
942;Maschiff
942-MAX;Maschiff-Max
942-SHADOW;Maschiff-Shadow
943;Mabosstiff
943-MAX;Mabosstiff-Max
943-SHADOW;Mabosstiff-Shadow
944;Shroodle
944-MAX;Shroodle-Max
944-SHADOW;Shroodle-Shadow
945;Grafaiai
945-MAX;Grafaiai-Max
945-SHADOW;Grafaiai-Shadow
946;Bramblin
946-MAX;Bramblin-Max
946-SHADOW;Bramblin-Shadow
947;Brambleghast
947-MAX;Brambleghast-Max
947-SHADOW;Brambleghast-Shadow
948;Toedscool
948-MAX;Toedscool-Max
948-SHADOW;Toedscool-Shadow
949;Toedscruel
949-MAX;Toedscruel-Max
949-SHADOW;Toedscruel-Shadow
950;Klawf
950-MAX;Klawf-Max
950-SHADOW;Klawf-Shadow
951;Capsakid
951-MAX;Capsakid-Max
951-SHADOW;Capsakid-Shadow
952;Scovillain
952-MAX;Scovillain-Max
952-SHADOW;Scovillain-Shadow
953;Rellor
953-MAX;Rellor-Max
953-SHADOW;Rellor-Shadow
954;Rabsca
954-MAX;Rabsca-Max
954-SHADOW;Rabsca-Shadow
955;Flittle
955-MAX;Flittle-Max
955-SHADOW;Flittle-Shadow
956;Espathra
956-MAX;Espathra-Max
956-SHADOW;Espathra-Shadow
957;Tinkatink
957-MAX;Tinkatink-Max
957-SHADOW;Tinkatink-Shadow
958;Tinkatuff
958-MAX;Tinkatuff-Max
958-SHADOW;Tinkatuff-Shadow
959;Tinkaton
959-MAX;Tinkaton-Max
959-SHADOW;Tinkaton-Shadow
960;Wiglett
960-MAX;Wiglett-Max
960-SHADOW;Wiglett-Shadow
961;Wugtrio
961-MAX;Wugtrio-Max
961-SHADOW;Wugtrio-Shadow
962;Bombirdier
962-MAX;Bombirdier-Max
962-SHADOW;Bombirdier-Shadow
963;Finizen
963-MAX;Finizen-Max
963-SHADOW;Finizen-Shadow
964-HERO;Palafin-Hero
964-ZERO;Palafin-Zero
965;Varoom
965-MAX;Varoom-Max
965-SHADOW;Varoom-Shadow
966;Revavroom
966-MAX;Revavroom-Max
966-SHADOW;Revavroom-Shadow
967;Cyclizar
967-MAX;Cyclizar-Max
967-SHADOW;Cyclizar-Shadow
968;Orthworm
968-MAX;Orthworm-Max
968-SHADOW;Orthworm-Shadow
969;Glimmet
969-MAX;Glimmet-Max
969-SHADOW;Glimmet-Shadow
970;Glimmora
970-MAX;Glimmora-Max
970-SHADOW;Glimmora-Shadow
971;Greavard
971-MAX;Greavard-Max
971-SHADOW;Greavard-Shadow
972;Houndstone
972-MAX;Houndstone-Max
972-SHADOW;Houndstone-Shadow
973;Flamigo
973-MAX;Flamigo-Max
973-SHADOW;Flamigo-Shadow
974;Cetoddle
974-MAX;Cetoddle-Max
974-SHADOW;Cetoddle-Shadow
975;Cetitan
975-MAX;Cetitan-Max
975-SHADOW;Cetitan-Shadow
976;Veluza
976-MAX;Veluza-Max
976-SHADOW;Veluza-Shadow
977;Dondozo
977-MAX;Dondozo-Max
977-SHADOW;Dondozo-Shadow
978-CURLY;Tatsugiri-Curly
978-DROOPY;Tatsugiri-Droopy
978-STRETCHY;Tatsugiri-Stretchy
979;Annihilape
979-MAX;Annihilape-Max
979-SHADOW;Annihilape-Shadow
980;Clodsire
980-MAX;Clodsire-Max
980-SHADOW;Clodsire-Shadow
981;Farigiraf
981-MAX;Farigiraf-Max
981-SHADOW;Farigiraf-Shadow
982;Dudunsparce
982-MAX;Dudunsparce-Max
982-SHADOW;Dudunsparce-Shadow
983;Kingambit
983-MAX;Kingambit-Max
983-SHADOW;Kingambit-Shadow
984;Great-Tusk
984-MAX;Great-Tusk-Max
984-SHADOW;Great-Tusk-Shadow
985;Scream-Tail
985-MAX;Scream-Tail-Max
985-SHADOW;Scream-Tail-Shadow
986;Brute-Bonnet
986-MAX;Brute-Bonnet-Max
986-SHADOW;Brute-Bonnet-Shadow
987;Flutter-Mane
987-MAX;Flutter-Mane-Max
987-SHADOW;Flutter-Mane-Shadow
988;Slither-Wing
988-MAX;Slither-Wing-Max
988-SHADOW;Slither-Wing-Shadow
989;Sandy-Shocks
989-MAX;Sandy-Shocks-Max
989-SHADOW;Sandy-Shocks-Shadow
990;Iron-Treads
990-MAX;Iron-Treads-Max
990-SHADOW;Iron-Treads-Shadow
991;Iron-Bundle
991-MAX;Iron-Bundle-Max
991-SHADOW;Iron-Bundle-Shadow
992;Iron-Hands
992-MAX;Iron-Hands-Max
992-SHADOW;Iron-Hands-Shadow
993;Iron-Jugulis
993-MAX;Iron-Jugulis-Max
993-SHADOW;Iron-Jugulis-Shadow
994;Iron-Moth
994-MAX;Iron-Moth-Max
994-SHADOW;Iron-Moth-Shadow
995;Iron-Thorns
995-MAX;Iron-Thorns-Max
995-SHADOW;Iron-Thorns-Shadow
996;Frigibax
996-MAX;Frigibax-Max
996-SHADOW;Frigibax-Shadow
997;Arctibax
997-MAX;Arctibax-Max
997-SHADOW;Arctibax-Shadow
998;Baxcalibur
998-MAX;Baxcalibur-Max
998-SHADOW;Baxcalibur-Shadow
999-CHEST;Gimmighoul-Chest
999-ROAMING;Gimmighoul-Roaming
1000;Gholdengo
1000-MAX;Gholdengo-Max
1000-SHADOW;Gholdengo-Shadow
1001;Wo-Chien
1001-MAX;Wo-Chien-Max
1001-SHADOW;Wo-Chien-Shadow
1002;Chien-Pao
1002-MAX;Chien-Pao-Max
1002-SHADOW;Chien-Pao-Shadow
1003;Ting-Lu
1003-MAX;Ting-Lu-Max
1003-SHADOW;Ting-Lu-Shadow
1004;Chi-Yu
1004-MAX;Chi-Yu-Max
1004-SHADOW;Chi-Yu-Shadow
1005;Roaring-Moon
1005-MAX;Roaring-Moon-Max
1005-SHADOW;Roaring-Moon-Shadow
1006;Iron-Valiant
1006-MAX;Iron-Valiant-Max
1006-SHADOW;Iron-Valiant-Shadow
1007;Koraidon
1007-MAX;Koraidon-Max
1007-SHADOW;Koraidon-Shadow
1008;Miraidon
1008-MAX;Miraidon-Max
1008-SHADOW;Miraidon-Shadow